empresa|antiguedad|mercado|anio|mes|dia|hora|minuto|volumen|high|low|close|open|TARGET|TARGET_PREDICHO|TARGET_PREDICHO_PROB
AACG|0|NASDAQ|2020|4|1|22|0|1873|0.9485|0.9385|0.9485|0.948|||
AACG|1|NASDAQ|2020|3|31|15|30|8300|0.95|0.9|0.95|0.9|||
AACG|2|NASDAQ|2020|3|30|15|30|6500|1.0|0.88|0.95|0.88|||
AACG|3|NASDAQ|2020|3|27|14|30|4300|1.02|0.95|0.96|1.02|||
AACG|4|NASDAQ|2020|3|26|14|30|11000|1.0|0.9|1.0|0.95|||
AACG|5|NASDAQ|2020|3|25|14|30|8800|0.96|0.8|0.91|0.81|0.0||
AACG|6|NASDAQ|2020|3|24|14|30|6500|1.06|0.75|0.86|0.86|0.0||
AACG|7|NASDAQ|2020|3|23|14|30|9000|0.9|0.8|0.84|0.9|1.0||
AACG|8|NASDAQ|2020|3|20|14|30|9200|1.1|0.75|0.9|0.75|0.0||
AACG|9|NASDAQ|2020|3|19|14|30|7800|0.76|0.7|0.74|0.72|1.0||
AACG|10|NASDAQ|2020|3|18|14|30|23600|0.93|0.7|0.73|0.85|1.0||
AACG|11|NASDAQ|2020|3|17|14|30|20300|0.93|0.85|0.91|0.89|0.0||
AACG|12|NASDAQ|2020|3|16|14|30|16200|0.91|0.85|0.85|0.85|0.0||
AACG|13|NASDAQ|2020|3|13|14|30|16400|0.97|0.86|0.86|0.9|0.0||
AACG|14|NASDAQ|2020|3|12|14|30|35900|1.0|0.9|0.9|0.96|0.0||
AACG|15|NASDAQ|2020|3|11|14|30|35600|0.97|0.96|0.96|0.96|0.0||
AACG|16|NASDAQ|2020|3|10|14|30|9100|1.02|0.96|0.98|0.98|0.0||
AACG|17|NASDAQ|2020|3|9|14|30|23700|1.03|0.97|0.97|1.0|0.0||
AACG|18|NASDAQ|2020|3|6|15|30|8900|1.01|0.96|1.0|0.96|0.0||
AACG|19|NASDAQ|2020|3|5|15|30|2600|1.0|0.96|0.96|1.0|0.0||
AACG|20|NASDAQ|2020|3|4|15|30|23800|1.08|0.96|1.0|0.97|0.0||
AACG|21|NASDAQ|2020|3|3|15|30|40800|1.01|0.97|0.98|0.99|0.0||
AACG|22|NASDAQ|2020|3|2|15|30|13500|1.0|0.98|0.98|1.0|0.0||
AACG|23|NASDAQ|2020|2|28|15|30|45900|1.07|0.95|1.03|1.02|0.0||
AACG|24|NASDAQ|2020|2|27|15|30|35300|1.13|1.05|1.06|1.13|0.0||
AACG|25|NASDAQ|2020|2|26|15|30|24600|1.18|1.05|1.13|1.18|0.0||
AACG|26|NASDAQ|2020|2|25|15|30|87100|1.24|1.05|1.14|1.05|0.0||
AACG|27|NASDAQ|2020|2|24|15|30|36100|1.17|1.02|1.05|1.06|0.0||
AACG|28|NASDAQ|2020|2|21|15|30|17500|1.22|1.11|1.11|1.22|0.0||
AACG|29|NASDAQ|2020|2|20|15|30|29300|1.3|1.17|1.24|1.22|0.0||
AACG|30|NASDAQ|2020|2|19|15|30|29200|1.32|1.1|1.17|1.3|0.0||
AACG|31|NASDAQ|2020|2|18|15|30|71700|1.62|1.17|1.29|1.17|0.0||
AACG|32|NASDAQ|2020|2|14|15|30|77100|1.24|1.06|1.15|1.1|0.0||
AACG|33|NASDAQ|2020|2|13|15|30|7600|1.11|1.04|1.1|1.04|0.0||
AACG|34|NASDAQ|2020|2|12|15|30|9500|1.05|1.03|1.05|1.03|0.0||
AACG|35|NASDAQ|2020|2|11|15|30|10700|1.11|1.04|1.08|1.11|1.0||
AACG|36|NASDAQ|2020|2|10|15|30|19400|1.12|1.04|1.1|1.04|0.0||
AACG|37|NASDAQ|2020|2|7|15|30|11900|1.14|1.03|1.03|1.13|0.0||
AACG|38|NASDAQ|2020|2|6|15|30|12900|1.16|1.13|1.14|1.16|0.0||
AACG|39|NASDAQ|2020|2|5|15|30|7100|1.16|1.15|1.16|1.16|0.0||
AACG|40|NASDAQ|2020|2|4|15|30|3700|1.17|1.15|1.15|1.16|0.0||
AACG|41|NASDAQ|2020|2|3|15|30|12700|1.19|1.15|1.16|1.16|0.0||
AACG|42|NASDAQ|2020|1|31|15|30|11600|1.22|1.15|1.16|1.15|0.0||
AACG|43|NASDAQ|2020|1|30|15|30|7000|1.24|1.15|1.16|1.16|0.0||
AACG|44|NASDAQ|2020|1|29|15|30|18100|1.26|1.14|1.16|1.21|0.0||
AACG|45|NASDAQ|2020|1|28|15|30|33300|1.34|1.21|1.26|1.33|0.0||
AACG|46|NASDAQ|2020|1|27|15|30|9200|1.37|1.25|1.31|1.34|0.0||
AACG|47|NASDAQ|2020|1|24|15|30|34600|1.47|1.35|1.36|1.47|0.0||
AACG|48|NASDAQ|2020|1|23|15|30|3600|1.48|1.41|1.44|1.48|0.0||
AACG|49|NASDAQ|2020|1|22|15|30|26200|1.55|1.44|1.53|1.49|0.0||
AACG|50|NASDAQ|2020|1|21|15|30|7300|1.47|1.41|1.41|1.41|0.0||
AACG|51|NASDAQ|2020|1|17|15|30|52000|1.67|1.4|1.4|1.67|0.0||
AACG|52|NASDAQ|2020|1|16|15|30|17100|1.72|1.63|1.63|1.69|0.0||
AACG|53|NASDAQ|2020|1|15|15|30|51000|1.8|1.54|1.61|1.54|0.0||
AACG|54|NASDAQ|2020|1|14|15|30|5100|1.55|1.5|1.55|1.51|0.0||
AACG|55|NASDAQ|2020|1|13|15|30|27900|1.7|1.42|1.52|1.52|0.0||
AACG|56|NASDAQ|2020|1|10|15|30|35800|1.52|1.41|1.48|1.45|0.0||
AACG|57|NASDAQ|2020|1|9|15|30|27300|1.63|1.43|1.45|1.57|0.0||
AACG|58|NASDAQ|2020|1|8|15|30|90900|1.58|1.36|1.51|1.41|0.0||
AACG|59|NASDAQ|2020|1|7|15|30|13700|1.44|1.36|1.43|1.39|0.0||
AACG|60|NASDAQ|2020|1|6|15|30|18700|1.51|1.36|1.43|1.51|0.0||
AACG|61|NASDAQ|2020|1|3|15|30|42000|1.49|1.36|1.47|1.36|0.0||
AACG|62|NASDAQ|2020|1|2|15|30|4300|1.38|1.35|1.35|1.35|0.0||
AACG|63|NASDAQ|2019|12|31|15|30|10800|1.41|1.36|1.36|1.37|0.0||
AACG|64|NASDAQ|2019|12|30|15|30|44500|1.41|1.37|1.38|1.4|0.0||
AACG|65|NASDAQ|2019|12|27|15|30|9600|1.45|1.4|1.4|1.45|0.0||
AACG|66|NASDAQ|2019|12|26|15|30|6200|1.48|1.45|1.47|1.47|0.0||
AACG|67|NASDAQ|2019|12|24|15|30|8700|1.45|1.41|1.43|1.45|0.0||
AACG|68|NASDAQ|2019|12|23|15|30|12400|1.52|1.4|1.49|1.44|0.0||
AACG|69|NASDAQ|2019|12|20|15|30|8500|1.58|1.5|1.51|1.5|0.0||
AACG|70|NASDAQ|2019|12|19|15|30|26100|1.68|1.51|1.59|1.51|0.0||
AACG|71|NASDAQ|2019|12|18|15|30|150500|1.81|1.44|1.59|1.47|0.0||
AACG|72|NASDAQ|2019|12|17|15|30|4500|1.5|1.35|1.43|1.5|0.0||
AACG|73|NASDAQ|2019|12|16|15|30|12300|1.52|1.45|1.5|1.45|0.0||
AACG|74|NASDAQ|2019|12|13|15|30|26000|1.42|1.37|1.42|1.38|0.0||
AACG|75|NASDAQ|2019|12|12|15|30|18500|1.48|1.35|1.36|1.47|1.0||
AACG|76|NASDAQ|2019|12|11|15|30|10200|1.52|1.46|1.48|1.52|0.0||
AACG|77|NASDAQ|2019|12|10|15|30|6200|1.61|1.54|1.55|1.59|0.0||
AACG|78|NASDAQ|2019|12|9|15|30|5400|1.66|1.62|1.62|1.62|0.0||
AACG|79|NASDAQ|2019|12|6|15|30|12100|1.72|1.6|1.65|1.72|0.0||
AACG|80|NASDAQ|2019|12|5|15|30|5400|1.73|1.66|1.7|1.73|0.0||
AACG|81|NASDAQ|2019|12|4|15|30|2000|1.79|1.74|1.76|1.76|0.0||
AACG|82|NASDAQ|2019|12|3|15|30|3200|1.8|1.74|1.74|1.8|0.0||
AACG|83|NASDAQ|2019|12|2|15|30|5400|1.85|1.8|1.82|1.8|0.0||
AACG|84|NASDAQ|2019|11|29|15|30|1000|1.81|1.8|1.8|1.81|0.0||
AACG|85|NASDAQ|2019|11|27|15|30|10100|1.85|1.8|1.8|1.8|0.0||
AACG|86|NASDAQ|2019|11|26|15|30|10700|1.84|1.8|1.81|1.8|0.0||
AACG|87|NASDAQ|2019|11|25|15|30|13000|1.81|1.75|1.79|1.81|0.0||
AACG|88|NASDAQ|2019|11|22|15|30|17700|1.88|1.68|1.88|1.85|0.0||
AACG|89|NASDAQ|2019|11|21|15|30|59700|1.87|1.75|1.85|1.81|0.0||
AACG|90|NASDAQ|2019|11|20|15|30|10800|1.77|1.68|1.77|1.75|0.0||
AACG|91|NASDAQ|2019|11|19|15|30|6000|1.74|1.7|1.74|1.7|0.0||
AACG|92|NASDAQ|2019|11|18|15|30|8100|1.7|1.65|1.67|1.69|0.0||
AACG|93|NASDAQ|2019|11|15|15|30|10000|1.73|1.7|1.7|1.73|0.0||
AACG|94|NASDAQ|2019|11|14|15|30|9400|1.74|1.71|1.73|1.71|0.0||
AACG|95|NASDAQ|2019|11|13|15|30|400|1.71|1.71|1.71|1.71|0.0||
AACG|96|NASDAQ|2019|11|12|15|30|8100|1.72|1.7|1.7|1.71|0.0||
AACG|97|NASDAQ|2019|11|11|15|30|800|1.72|1.72|1.72|1.72|0.0||
AACG|98|NASDAQ|2019|11|8|15|30|12500|1.75|1.71|1.73|1.75|0.0||
AACG|99|NASDAQ|2019|11|7|15|30|10400|1.75|1.72|1.72|1.75|0.0||
AACG|100|NASDAQ|2019|11|6|15|30|3100|1.75|1.7|1.72|1.75|0.0||
AACG|101|NASDAQ|2019|11|5|15|30|5800|1.78|1.74|1.74|1.74|0.0||
AACG|102|NASDAQ|2019|11|4|15|30|6000|1.82|1.73|1.74|1.77|0.0||
AACG|103|NASDAQ|2019|11|1|14|30|3800|1.89|1.77|1.77|1.81|0.0||
AACG|104|NASDAQ|2019|10|31|14|30|4000|1.78|1.75|1.78|1.75|0.0||
AACG|105|NASDAQ|2019|10|30|14|30|16600|1.79|1.71|1.79|1.71|0.0||
AACG|106|NASDAQ|2019|10|29|14|30|18700|1.8|1.68|1.75|1.78|0.0||
AACG|107|NASDAQ|2019|10|28|14|30|7800|1.88|1.79|1.79|1.88|0.0||
AACG|108|NASDAQ|2019|10|25|15|30|18400|1.87|1.79|1.87|1.79|0.0||
AACG|109|NASDAQ|2019|10|24|15|30|7400|1.87|1.8|1.83|1.82|0.0||
AACG|110|NASDAQ|2019|10|23|15|30|6500|1.86|1.76|1.83|1.76|0.0||
AACG|111|NASDAQ|2019|10|22|15|30|24800|1.82|1.78|1.78|1.8|0.0||
AACG|112|NASDAQ|2019|10|21|15|30|15700|1.89|1.75|1.82|1.75|0.0||
AACG|113|NASDAQ|2019|10|18|15|30|12900|1.85|1.77|1.77|1.85|0.0||
AACG|114|NASDAQ|2019|10|17|15|30|5400|1.87|1.83|1.84|1.83|0.0||
AACG|115|NASDAQ|2019|10|16|15|30|16500|1.9|1.75|1.83|1.9|0.0||
AACG|116|NASDAQ|2019|10|15|15|30|68800|1.92|1.71|1.9|1.71|0.0||
AACG|117|NASDAQ|2019|10|14|15|30|20200|1.7|1.59|1.69|1.59|0.0||
AACG|118|NASDAQ|2019|10|11|15|30|40100|1.69|1.56|1.56|1.69|1.0||
AACG|119|NASDAQ|2019|10|10|15|30|4100|1.64|1.58|1.61|1.64|1.0||
AACG|120|NASDAQ|2019|10|9|15|30|15000|1.68|1.5|1.5|1.62|1.0||
AACG|121|NASDAQ|2019|10|8|15|30|10400|1.72|1.62|1.62|1.7|0.0||
AACG|122|NASDAQ|2019|10|7|15|30|6300|1.76|1.62|1.76|1.63|||
AACG|123|NASDAQ|2019|10|4|15|30|4300|1.69|1.6|1.68|1.65|||
AACG|124|NASDAQ|2019|10|3|15|30|10100|1.66|1.63|1.63|1.65|||
AACG|125|NASDAQ|2019|10|2|15|30|19500|1.6|1.46|1.6|1.48|||
AAME|0|NASDAQ|2020|4|1|22|0|645|2.15|2.11|2.15|2.11|||
AAME|1|NASDAQ|2020|3|31|15|30|300|2.11|2.11|2.11|2.11|||
AAME|2|NASDAQ|2020|3|30|15|30|400|2.25|2.13|2.13|2.25|||
AAME|3|NASDAQ|2020|3|27|14|30|500|2.25|2.21|2.25|2.25|||
AAME|4|NASDAQ|2020|3|26|14|30|1600|2.29|2.08|2.28|2.29|||
AAME|5|NASDAQ|2020|3|25|14|30|1100|2.3|2.12|2.12|2.3|0.0||
AAME|6|NASDAQ|2020|3|24|14|30|400|2.45|2.4|2.4|2.45|0.0||
AAME|7|NASDAQ|2020|3|23|14|30|200|2.24|2.24|2.24|2.24|0.0||
AAME|8|NASDAQ|2020|3|20|14|30|100|2.31|2.31|2.31|2.31|0.0||
AAME|9|NASDAQ|2020|3|19|14|30|300|2.44|2.4|2.4|2.44|0.0||
AAME|10|NASDAQ|2020|3|18|14|30|0|2.2|2.2|2.2|2.2|0.0||
AAME|11|NASDAQ|2020|3|17|14|30|6100|2.38|2.2|2.2|2.38|0.0||
AAME|12|NASDAQ|2020|3|16|14|30|1400|2.5|2.39|2.42|2.5|0.0||
AAME|13|NASDAQ|2020|3|13|14|30|1600|2.6|2.4|2.5|2.6|0.0||
AAME|14|NASDAQ|2020|3|12|14|30|1600|2.6|2.31|2.52|2.31|0.0||
AAME|15|NASDAQ|2020|3|11|14|30|1200|2.61|2.58|2.58|2.58|0.0||
AAME|16|NASDAQ|2020|3|10|14|30|1400|2.6|2.34|2.6|2.6|0.0||
AAME|17|NASDAQ|2020|3|9|14|30|2700|2.61|2.32|2.55|2.32|0.0||
AAME|18|NASDAQ|2020|3|6|15|30|700|2.52|2.5|2.5|2.52|0.0||
AAME|19|NASDAQ|2020|3|5|15|30|2200|2.57|2.25|2.52|2.25|0.0||
AAME|20|NASDAQ|2020|3|4|15|30|0|2.57|2.57|2.57|2.57|0.0||
AAME|21|NASDAQ|2020|3|3|15|30|700|2.61|2.55|2.57|2.61|0.0||
AAME|22|NASDAQ|2020|3|2|15|30|1700|2.61|2.16|2.61|2.48|0.0||
AAME|23|NASDAQ|2020|2|28|15|30|1900|2.54|2.12|2.47|2.29|0.0||
AAME|24|NASDAQ|2020|2|27|15|30|7700|2.3|2.17|2.17|2.3|1.0||
AAME|25|NASDAQ|2020|2|26|15|30|600|2.5|2.4|2.5|2.4|0.0||
AAME|26|NASDAQ|2020|2|25|15|30|2700|2.45|2.25|2.4|2.32|0.0||
AAME|27|NASDAQ|2020|2|24|15|30|700|2.55|2.53|2.53|2.55|0.0||
AAME|28|NASDAQ|2020|2|21|15|30|1200|2.61|2.57|2.6|2.61|0.0||
AAME|29|NASDAQ|2020|2|20|15|30|2900|2.6|2.21|2.25|2.51|0.0||
AAME|30|NASDAQ|2020|2|19|15|30|0|2.57|2.57|2.57|2.57|0.0||
AAME|31|NASDAQ|2020|2|18|15|30|6800|2.62|2.35|2.57|2.38|0.0||
AAME|32|NASDAQ|2020|2|14|15|30|0|2.29|2.29|2.29|2.29|1.0||
AAME|33|NASDAQ|2020|2|13|15|30|6500|2.29|2.01|2.29|2.01|0.0||
AAME|34|NASDAQ|2020|2|12|15|30|200|1.98|1.98|1.98|1.98|1.0||
AAME|35|NASDAQ|2020|2|11|15|30|4800|2.2|2.07|2.08|2.2|1.0||
AAME|36|NASDAQ|2020|2|10|15|30|5800|2.05|2.05|2.05|2.05|0.0||
AAME|37|NASDAQ|2020|2|7|15|30|800|2.19|2.19|2.19|2.19|0.0||
AAME|38|NASDAQ|2020|2|6|15|30|800|2.23|2.19|2.19|2.23|0.0||
AAME|39|NASDAQ|2020|2|5|15|30|600|2.23|2.19|2.23|2.23|0.0||
AAME|40|NASDAQ|2020|2|4|15|30|1700|2.22|2.18|2.21|2.22|0.0||
AAME|41|NASDAQ|2020|2|3|15|30|900|2.23|1.93|1.93|2.0|0.0||
AAME|42|NASDAQ|2020|1|31|15|30|12100|2.23|1.9|2.21|1.9|0.0||
AAME|43|NASDAQ|2020|1|30|15|30|2200|2.22|1.86|2.11|1.86|0.0||
AAME|44|NASDAQ|2020|1|29|15|30|4900|2.23|1.82|2.02|2.22|0.0||
AAME|45|NASDAQ|2020|1|28|15|30|4700|2.0|1.81|1.95|1.81|0.0||
AAME|46|NASDAQ|2020|1|27|15|30|1100|1.97|1.78|1.8|1.78|0.0||
AAME|47|NASDAQ|2020|1|24|15|30|2600|1.97|1.9|1.9|1.97|0.0||
AAME|48|NASDAQ|2020|1|23|15|30|2100|1.95|1.85|1.86|1.85|0.0||
AAME|49|NASDAQ|2020|1|22|15|30|4500|2.0|1.85|1.9|1.85|0.0||
AAME|50|NASDAQ|2020|1|21|15|30|2400|2.0|1.81|1.9|1.82|0.0||
AAME|51|NASDAQ|2020|1|17|15|30|0|1.9|1.9|1.9|1.9|0.0||
AAME|52|NASDAQ|2020|1|16|15|30|500|1.93|1.9|1.9|1.93|0.0||
AAME|53|NASDAQ|2020|1|15|15|30|600|1.91|1.91|1.91|1.91|0.0||
AAME|54|NASDAQ|2020|1|14|15|30|2200|2.09|1.82|2.01|1.82|0.0||
AAME|55|NASDAQ|2020|1|13|15|30|2400|2.22|1.82|1.98|1.82|0.0||
AAME|56|NASDAQ|2020|1|10|15|30|8400|2.0|1.92|2.0|1.92|0.0||
AAME|57|NASDAQ|2020|1|9|15|30|1900|2.0|1.8|1.86|1.8|0.0||
AAME|58|NASDAQ|2020|1|8|15|30|5700|2.0|1.85|1.9|1.95|0.0||
AAME|59|NASDAQ|2020|1|7|15|30|3000|1.98|1.8|1.8|1.86|0.0||
AAME|60|NASDAQ|2020|1|6|15|30|2000|2.0|1.86|1.86|2.0|0.0||
AAME|61|NASDAQ|2020|1|3|15|30|2600|2.08|1.77|2.04|1.77|0.0||
AAME|62|NASDAQ|2020|1|2|15|30|2400|2.1|1.99|1.99|1.99|0.0||
AAME|63|NASDAQ|2019|12|31|15|30|3400|1.97|1.85|1.97|1.93|0.0||
AAME|64|NASDAQ|2019|12|30|15|30|700|1.92|1.85|1.92|1.85|0.0||
AAME|65|NASDAQ|2019|12|27|15|30|3500|1.9|1.82|1.85|1.9|0.0||
AAME|66|NASDAQ|2019|12|26|15|30|5900|1.9|1.77|1.9|1.77|0.0||
AAME|67|NASDAQ|2019|12|24|15|30|1700|1.89|1.81|1.89|1.85|0.0||
AAME|68|NASDAQ|2019|12|23|15|30|1000|1.93|1.85|1.89|1.93|0.0||
AAME|69|NASDAQ|2019|12|20|15|30|5100|2.01|1.84|1.85|2.01|0.0||
AAME|70|NASDAQ|2019|12|19|15|30|3600|1.89|1.85|1.89|1.87|0.0||
AAME|71|NASDAQ|2019|12|18|15|30|10900|1.89|1.8|1.8|1.83|0.0||
AAME|72|NASDAQ|2019|12|17|15|30|4000|2.0|1.75|1.9|1.8|0.0||
AAME|73|NASDAQ|2019|12|16|15|30|6900|1.84|1.76|1.82|1.77|0.0||
AAME|74|NASDAQ|2019|12|13|15|30|6100|2.02|1.79|1.95|1.92|0.0||
AAME|75|NASDAQ|2019|12|12|15|30|10100|2.15|1.72|1.95|2.15|0.0||
AAME|76|NASDAQ|2019|12|11|15|30|3700|2.08|1.72|1.76|1.72|0.0||
AAME|77|NASDAQ|2019|12|10|15|30|1300|2.0|1.75|1.93|2.0|0.0||
AAME|78|NASDAQ|2019|12|9|15|30|4800|2.0|1.75|2.0|1.99|0.0||
AAME|79|NASDAQ|2019|12|6|15|30|12000|2.0|1.7|1.96|1.7|0.0||
AAME|80|NASDAQ|2019|12|5|15|30|9000|1.7|1.55|1.55|1.7|1.0||
AAME|81|NASDAQ|2019|12|4|15|30|11200|1.79|1.51|1.62|1.7|1.0||
AAME|82|NASDAQ|2019|12|3|15|30|4400|1.81|1.48|1.79|1.48|0.0||
AAME|83|NASDAQ|2019|12|2|15|30|5300|1.83|1.65|1.65|1.83|0.0||
AAME|84|NASDAQ|2019|11|29|15|30|6200|1.77|1.6|1.77|1.63|0.0||
AAME|85|NASDAQ|2019|11|27|15|30|800|2.0|1.63|2.0|1.63|0.0||
AAME|86|NASDAQ|2019|11|26|15|30|800|1.9|1.83|1.83|1.9|0.0||
AAME|87|NASDAQ|2019|11|25|15|30|5500|1.92|1.74|1.74|1.92|0.0||
AAME|88|NASDAQ|2019|11|22|15|30|3900|2.0|1.8|1.95|1.8|0.0||
AAME|89|NASDAQ|2019|11|21|15|30|3600|2.0|1.46|2.0|1.79|0.0||
AAME|90|NASDAQ|2019|11|20|15|30|1700|1.91|1.75|1.91|1.77|0.0||
AAME|91|NASDAQ|2019|11|19|15|30|6400|1.73|1.6|1.72|1.6|0.0||
AAME|92|NASDAQ|2019|11|18|15|30|3300|1.74|1.57|1.57|1.65|1.0||
AAME|93|NASDAQ|2019|11|15|15|30|13200|1.75|1.7|1.75|1.7|0.0||
AAME|94|NASDAQ|2019|11|14|15|30|1800|1.71|1.6|1.6|1.71|1.0||
AAME|95|NASDAQ|2019|11|13|15|30|4700|1.8|1.5|1.5|1.76|1.0||
AAME|96|NASDAQ|2019|11|12|15|30|11000|1.92|1.66|1.76|1.82|0.0||
AAME|97|NASDAQ|2019|11|11|15|30|3700|1.92|1.81|1.88|1.9|0.0||
AAME|98|NASDAQ|2019|11|8|15|30|5900|1.95|1.81|1.81|1.86|0.0||
AAME|99|NASDAQ|2019|11|7|15|30|4100|1.97|1.9|1.97|1.96|0.0||
AAME|100|NASDAQ|2019|11|6|15|30|9300|2.2|1.95|1.96|2.2|0.0||
AAME|101|NASDAQ|2019|11|5|15|30|4800|2.28|2.1|2.26|2.28|0.0||
AAME|102|NASDAQ|2019|11|4|15|30|6000|2.34|2.11|2.19|2.34|0.0||
AAME|103|NASDAQ|2019|11|1|14|30|700|2.29|2.11|2.27|2.11|0.0||
AAME|104|NASDAQ|2019|10|31|14|30|4600|2.28|2.23|2.23|2.28|0.0||
AAME|105|NASDAQ|2019|10|30|14|30|1700|2.25|2.11|2.25|2.12|0.0||
AAME|106|NASDAQ|2019|10|29|14|30|1600|2.25|2.12|2.25|2.25|0.0||
AAME|107|NASDAQ|2019|10|28|14|30|2300|2.22|2.02|2.12|2.18|0.0||
AAME|108|NASDAQ|2019|10|25|15|30|1800|2.2|2.13|2.19|2.2|0.0||
AAME|109|NASDAQ|2019|10|24|15|30|100|2.29|2.29|2.29|2.29|0.0||
AAME|110|NASDAQ|2019|10|23|15|30|4000|2.35|2.18|2.29|2.35|0.0||
AAME|111|NASDAQ|2019|10|22|15|30|10600|2.46|2.25|2.25|2.31|0.0||
AAME|112|NASDAQ|2019|10|21|15|30|5000|2.45|2.29|2.44|2.36|0.0||
AAME|113|NASDAQ|2019|10|18|15|30|900|2.5|2.34|2.5|2.37|0.0||
AAME|114|NASDAQ|2019|10|17|15|30|500|2.52|2.46|2.46|2.52|0.0||
AAME|115|NASDAQ|2019|10|16|15|30|3600|2.47|2.28|2.47|2.3|0.0||
AAME|116|NASDAQ|2019|10|15|15|30|6500|2.43|2.31|2.4|2.36|0.0||
AAME|117|NASDAQ|2019|10|14|15|30|1600|2.5|2.5|2.5|2.5|0.0||
AAME|118|NASDAQ|2019|10|11|15|30|1300|2.55|2.53|2.55|2.53|0.0||
AAME|119|NASDAQ|2019|10|10|15|30|200|2.5|2.5|2.5|2.5|0.0||
AAME|120|NASDAQ|2019|10|9|15|30|100|2.52|2.52|2.52|2.52|0.0||
AAME|121|NASDAQ|2019|10|8|15|30|1900|2.52|2.5|2.52|2.5|0.0||
AAME|122|NASDAQ|2019|10|7|15|30|2000|2.57|2.5|2.5|2.51|||
AAME|123|NASDAQ|2019|10|4|15|30|4300|2.65|2.51|2.51|2.65|||
AAME|124|NASDAQ|2019|10|3|15|30|300|2.52|2.52|2.52|2.52|||
AAME|125|NASDAQ|2019|10|2|15|30|1900|2.72|2.52|2.52|2.6|||
ABIO|0|NASDAQ|2020|4|1|22|0|10792|2.76|2.61|2.69|2.72||1.0|0.63
ABIO|1|NASDAQ|2020|3|31|15|30|9400|2.85|2.71|2.79|2.73|||
ABIO|2|NASDAQ|2020|3|30|15|30|3700|2.78|2.52|2.68|2.6|||
ABIO|3|NASDAQ|2020|3|27|14|30|7200|2.79|2.55|2.63|2.71|||
ABIO|4|NASDAQ|2020|3|26|14|30|13300|2.74|2.61|2.72|2.7|||
ABIO|5|NASDAQ|2020|3|25|14|30|23300|2.9|2.52|2.55|2.65|0.0||
ABIO|6|NASDAQ|2020|3|24|14|30|7300|2.75|2.51|2.6|2.65|0.0||
ABIO|7|NASDAQ|2020|3|23|14|30|6300|2.64|2.51|2.54|2.64|0.0||
ABIO|8|NASDAQ|2020|3|20|14|30|7800|2.7|2.6|2.6|2.66|0.0||
ABIO|9|NASDAQ|2020|3|19|14|30|11400|2.58|2.21|2.58|2.21|0.0||
ABIO|10|NASDAQ|2020|3|18|14|30|12500|2.59|2.3|2.32|2.5|0.0||
ABIO|11|NASDAQ|2020|3|17|14|30|10200|2.7|2.46|2.5|2.7|0.0||
ABIO|12|NASDAQ|2020|3|16|14|30|27800|2.71|2.45|2.45|2.71|0.0||
ABIO|13|NASDAQ|2020|3|13|14|30|43800|3.14|2.7|2.7|3.0|0.0||
ABIO|14|NASDAQ|2020|3|12|14|30|41800|3.13|3.0|3.01|3.12|0.0||
ABIO|15|NASDAQ|2020|3|11|14|30|11100|3.42|3.12|3.19|3.25|0.0||
ABIO|16|NASDAQ|2020|3|10|14|30|20000|3.46|3.15|3.31|3.45|0.0||
ABIO|17|NASDAQ|2020|3|9|14|30|32100|4.0|3.38|3.39|4.0|0.0||
ABIO|18|NASDAQ|2020|3|6|15|30|36800|4.03|3.69|3.8|4.03|0.0||
ABIO|19|NASDAQ|2020|3|5|15|30|9000|3.8|3.67|3.67|3.8|0.0||
ABIO|20|NASDAQ|2020|3|4|15|30|25600|3.89|3.7|3.83|3.89|0.0||
ABIO|21|NASDAQ|2020|3|3|15|30|23600|3.79|3.4|3.7|3.79|0.0||
ABIO|22|NASDAQ|2020|3|2|15|30|37800|3.9|3.51|3.84|3.83|0.0||
ABIO|23|NASDAQ|2020|2|28|15|30|73400|3.74|3.26|3.74|3.26|0.0||
ABIO|24|NASDAQ|2020|2|27|15|30|131400|3.55|3.11|3.26|3.55|1.0||
ABIO|25|NASDAQ|2020|2|26|15|30|22200|4.36|4.08|4.13|4.21|0.0||
ABIO|26|NASDAQ|2020|2|25|15|30|19900|4.5|4.14|4.14|4.5|0.0||
ABIO|27|NASDAQ|2020|2|24|15|30|32700|4.49|4.07|4.36|4.15|0.0||
ABIO|28|NASDAQ|2020|2|21|15|30|180900|4.8|3.93|4.26|4.8|0.0||
ABIO|29|NASDAQ|2020|2|20|15|30|62700|5.21|4.8|4.9|5.21|0.0||
ABIO|30|NASDAQ|2020|2|19|15|30|86100|5.55|4.92|5.2|5.55|0.0||
ABIO|31|NASDAQ|2020|2|18|15|30|14700|5.52|5.35|5.35|5.46|0.0||
ABIO|32|NASDAQ|2020|2|14|15|30|4300|5.53|5.45|5.53|5.45|0.0||
ABIO|33|NASDAQ|2020|2|13|15|30|10700|5.5|5.35|5.48|5.36|0.0||
ABIO|34|NASDAQ|2020|2|12|15|30|18000|5.55|5.37|5.49|5.55|0.0||
ABIO|35|NASDAQ|2020|2|11|15|30|11800|5.73|5.27|5.35|5.45|0.0||
ABIO|36|NASDAQ|2020|2|10|15|30|18400|5.79|5.5|5.52|5.65|0.0||
ABIO|37|NASDAQ|2020|2|7|15|30|26900|5.79|5.48|5.67|5.7|0.0||
ABIO|38|NASDAQ|2020|2|6|15|30|7200|5.71|5.4|5.55|5.71|0.0||
ABIO|39|NASDAQ|2020|2|5|15|30|24200|5.74|5.47|5.64|5.74|0.0||
ABIO|40|NASDAQ|2020|2|4|15|30|19900|5.83|5.52|5.62|5.77|0.0||
ABIO|41|NASDAQ|2020|2|3|15|30|149900|5.94|5.14|5.73|5.26|0.0||
ABIO|42|NASDAQ|2020|1|31|15|30|26600|5.27|5.0|5.24|5.26|0.0||
ABIO|43|NASDAQ|2020|1|30|15|30|15800|5.5|5.26|5.27|5.45|0.0||
ABIO|44|NASDAQ|2020|1|29|15|30|4800|5.66|5.5|5.5|5.54|0.0||
ABIO|45|NASDAQ|2020|1|28|15|30|5400|5.57|5.4|5.55|5.4|0.0||
ABIO|46|NASDAQ|2020|1|27|15|30|47200|5.8|5.39|5.41|5.39|0.0||
ABIO|47|NASDAQ|2020|1|24|15|30|10500|5.72|5.59|5.62|5.72|0.0||
ABIO|48|NASDAQ|2020|1|23|15|30|12600|5.83|5.62|5.62|5.82|0.0||
ABIO|49|NASDAQ|2020|1|22|15|30|20300|5.94|5.7|5.82|5.94|0.0||
ABIO|50|NASDAQ|2020|1|21|15|30|61400|5.96|5.72|5.86|5.78|0.0||
ABIO|51|NASDAQ|2020|1|17|15|30|46900|5.79|5.49|5.72|5.51|0.0||
ABIO|52|NASDAQ|2020|1|16|15|30|32000|5.8|5.47|5.5|5.79|0.0||
ABIO|53|NASDAQ|2020|1|15|15|30|40000|6.1|5.7|5.73|6.0|0.0||
ABIO|54|NASDAQ|2020|1|14|15|30|42600|6.34|5.85|5.95|6.15|0.0||
ABIO|55|NASDAQ|2020|1|13|15|30|50300|6.39|5.91|6.11|6.31|0.0||
ABIO|56|NASDAQ|2020|1|10|15|30|38600|6.47|6.08|6.31|6.47|0.0||
ABIO|57|NASDAQ|2020|1|9|15|30|71700|6.51|6.05|6.42|6.15|0.0||
ABIO|58|NASDAQ|2020|1|8|15|30|256000|6.44|5.73|6.07|5.73|0.0||
ABIO|59|NASDAQ|2020|1|7|15|30|12100|5.77|5.62|5.67|5.62|0.0||
ABIO|60|NASDAQ|2020|1|6|15|30|33800|5.8|5.48|5.63|5.57|0.0||
ABIO|61|NASDAQ|2020|1|3|15|30|11200|5.71|5.52|5.56|5.57|1.0||
ABIO|62|NASDAQ|2020|1|2|15|30|35400|5.99|5.64|5.68|5.88|0.0||
ABIO|63|NASDAQ|2019|12|31|15|30|38300|5.77|5.53|5.71|5.7|0.0||
ABIO|64|NASDAQ|2019|12|30|15|30|28800|5.77|5.5|5.65|5.62|0.0||
ABIO|65|NASDAQ|2019|12|27|15|30|35200|5.87|5.48|5.68|5.7|0.0||
ABIO|66|NASDAQ|2019|12|26|15|30|46500|6.05|5.67|5.69|6.05|0.0||
ABIO|67|NASDAQ|2019|12|24|15|30|38200|6.2|5.89|5.91|6.02|0.0||
ABIO|68|NASDAQ|2019|12|23|15|30|208300|6.25|5.64|5.96|5.83|0.0||
ABIO|69|NASDAQ|2019|12|20|15|30|105700|5.75|5.46|5.75|5.59|0.0||
ABIO|70|NASDAQ|2019|12|19|15|30|39700|5.65|5.41|5.49|5.53|0.0||
ABIO|71|NASDAQ|2019|12|18|15|30|122400|5.9|5.53|5.53|5.69|0.0||
ABIO|72|NASDAQ|2019|12|17|15|30|59600|5.7|5.29|5.7|5.39|0.0||
ABIO|73|NASDAQ|2019|12|16|15|30|43200|5.45|5.2|5.45|5.26|0.0||
ABIO|74|NASDAQ|2019|12|13|15|30|67100|5.52|5.23|5.3|5.27|0.0||
ABIO|75|NASDAQ|2019|12|12|15|30|66000|5.5|5.25|5.35|5.29|0.0||
ABIO|76|NASDAQ|2019|12|11|15|30|65600|5.45|5.22|5.39|5.27|0.0||
ABIO|77|NASDAQ|2019|12|10|15|30|56700|5.55|5.24|5.34|5.35|0.0||
ABIO|78|NASDAQ|2019|12|9|15|30|38700|5.6|5.24|5.34|5.35|0.0||
ABIO|79|NASDAQ|2019|12|6|15|30|33900|5.75|5.3|5.3|5.45|0.0||
ABIO|80|NASDAQ|2019|12|5|15|30|36300|5.5|5.25|5.42|5.38|0.0||
ABIO|81|NASDAQ|2019|12|4|15|30|24900|5.66|5.31|5.33|5.55|0.0||
ABIO|82|NASDAQ|2019|12|3|15|30|10600|5.51|5.25|5.47|5.25|0.0||
ABIO|83|NASDAQ|2019|12|2|15|30|9200|5.66|5.5|5.6|5.53|0.0||
ABIO|84|NASDAQ|2019|11|29|15|30|28700|5.75|5.45|5.6|5.67|0.0||
ABIO|85|NASDAQ|2019|11|27|15|30|151700|5.99|5.34|5.57|5.34|0.0||
ABIO|86|NASDAQ|2019|11|26|15|30|14500|5.48|5.22|5.39|5.44|0.0||
ABIO|87|NASDAQ|2019|11|25|15|30|51500|5.42|5.18|5.42|5.23|0.0||
ABIO|88|NASDAQ|2019|11|22|15|30|5500|5.25|5.11|5.11|5.18|0.0||
ABIO|89|NASDAQ|2019|11|21|15|30|16100|5.32|5.14|5.17|5.21|0.0||
ABIO|90|NASDAQ|2019|11|20|15|30|14600|5.3|5.13|5.25|5.25|0.0||
ABIO|91|NASDAQ|2019|11|19|15|30|8700|5.29|5.17|5.19|5.27|0.0||
ABIO|92|NASDAQ|2019|11|18|15|30|13000|5.35|5.11|5.28|5.35|0.0||
ABIO|93|NASDAQ|2019|11|15|15|30|57100|5.33|5.06|5.11|5.16|0.0||
ABIO|94|NASDAQ|2019|11|14|15|30|11600|5.2|5.03|5.08|5.2|0.0||
ABIO|95|NASDAQ|2019|11|13|15|30|41700|5.23|5.02|5.15|5.08|0.0||
ABIO|96|NASDAQ|2019|11|12|15|30|49600|5.39|5.07|5.16|5.1|0.0||
ABIO|97|NASDAQ|2019|11|11|15|30|30100|5.43|5.1|5.1|5.26|0.0||
ABIO|98|NASDAQ|2019|11|8|15|30|87100|5.47|5.1|5.1|5.3|0.0||
ABIO|99|NASDAQ|2019|11|7|15|30|237800|6.0|5.18|5.21|5.35|0.0||
ABIO|100|NASDAQ|2019|11|6|15|30|35400|5.47|5.05|5.06|5.22|0.0||
ABIO|101|NASDAQ|2019|11|5|15|30|211400|6.0|5.09|5.2|5.09|0.0||
ABIO|102|NASDAQ|2019|11|4|15|30|8800|5.24|5.09|5.14|5.17|0.0||
ABIO|103|NASDAQ|2019|11|1|14|30|9600|5.26|5.08|5.12|5.26|0.0||
ABIO|104|NASDAQ|2019|10|31|14|30|23000|5.29|4.95|4.95|5.19|0.0||
ABIO|105|NASDAQ|2019|10|30|14|30|11800|5.32|5.15|5.28|5.31|0.0||
ABIO|106|NASDAQ|2019|10|29|14|30|23500|5.44|5.14|5.21|5.16|0.0||
ABIO|107|NASDAQ|2019|10|28|14|30|31900|5.55|5.14|5.14|5.46|0.0||
ABIO|108|NASDAQ|2019|10|25|15|30|17300|5.42|5.14|5.33|5.42|0.0||
ABIO|109|NASDAQ|2019|10|24|15|30|31100|5.64|5.21|5.3|5.62|0.0||
ABIO|110|NASDAQ|2019|10|23|15|30|51000|5.57|5.21|5.57|5.23|0.0||
ABIO|111|NASDAQ|2019|10|22|15|30|11400|5.35|5.15|5.3|5.2|0.0||
ABIO|112|NASDAQ|2019|10|21|15|30|9400|5.42|5.22|5.39|5.38|0.0||
ABIO|113|NASDAQ|2019|10|18|15|30|8900|5.48|5.26|5.36|5.33|0.0||
ABIO|114|NASDAQ|2019|10|17|15|30|21900|5.65|5.3|5.32|5.35|0.0||
ABIO|115|NASDAQ|2019|10|16|15|30|54600|5.65|5.06|5.32|5.12|0.0||
ABIO|116|NASDAQ|2019|10|15|15|30|54400|5.74|5.06|5.06|5.14|0.0||
ABIO|117|NASDAQ|2019|10|14|15|30|21400|5.2|5.01|5.01|5.2|0.0||
ABIO|118|NASDAQ|2019|10|11|15|30|19600|5.42|5.11|5.14|5.3|0.0||
ABIO|119|NASDAQ|2019|10|10|15|30|35000|5.3|4.99|5.3|5.08|0.0||
ABIO|120|NASDAQ|2019|10|9|15|30|28400|5.28|5.05|5.09|5.15|0.0||
ABIO|121|NASDAQ|2019|10|8|15|30|6200|5.37|5.04|5.32|5.04|0.0||
ABIO|122|NASDAQ|2019|10|7|15|30|14600|5.39|5.05|5.39|5.24|||
ABIO|123|NASDAQ|2019|10|4|15|30|57100|5.6|5.02|5.12|5.23|||
ABIO|124|NASDAQ|2019|10|3|15|30|47400|5.34|4.9|5.34|5.04|||
ABIO|125|NASDAQ|2019|10|2|15|30|19300|5.33|5.06|5.06|5.19|||
ACHV|0|NASDAQ|2020|4|1|22|0|540877|0.3372|0.3|0.3186|0.3258|||
ACHV|1|NASDAQ|2020|3|31|15|30|800100|0.35|0.3|0.33|0.31|||
ACHV|2|NASDAQ|2020|3|30|15|30|373700|0.31|0.3|0.31|0.31|||
ACHV|3|NASDAQ|2020|3|27|14|30|531700|0.31|0.28|0.31|0.3|||
ACHV|4|NASDAQ|2020|3|26|14|30|672500|0.33|0.28|0.29|0.32|||
ACHV|5|NASDAQ|2020|3|25|14|30|1181800|0.34|0.29|0.3|0.29|0.0||
ACHV|6|NASDAQ|2020|3|24|14|30|1179400|0.31|0.27|0.29|0.29|0.0||
ACHV|7|NASDAQ|2020|3|23|14|30|340000|0.3|0.28|0.29|0.3|0.0||
ACHV|8|NASDAQ|2020|3|20|14|30|1264500|0.33|0.28|0.3|0.3|0.0||
ACHV|9|NASDAQ|2020|3|19|14|30|1222300|0.34|0.28|0.3|0.31|0.0||
ACHV|10|NASDAQ|2020|3|18|14|30|2015200|0.35|0.29|0.3|0.3|0.0||
ACHV|11|NASDAQ|2020|3|17|14|30|933100|0.28|0.25|0.27|0.28|0.0||
ACHV|12|NASDAQ|2020|3|16|14|30|1553700|0.3|0.23|0.23|0.28|1.0||
ACHV|13|NASDAQ|2020|3|13|14|30|1172900|0.38|0.3|0.31|0.36|0.0||
ACHV|14|NASDAQ|2020|3|12|14|30|949900|0.39|0.34|0.35|0.37|0.0||
ACHV|15|NASDAQ|2020|3|11|14|30|963300|0.44|0.37|0.42|0.44|0.0||
ACHV|16|NASDAQ|2020|3|10|14|30|322900|0.45|0.41|0.43|0.43|0.0||
ACHV|17|NASDAQ|2020|3|9|14|30|590400|0.46|0.4|0.43|0.46|0.0||
ACHV|18|NASDAQ|2020|3|6|15|30|524900|0.5|0.46|0.47|0.5|0.0||
ACHV|19|NASDAQ|2020|3|5|15|30|550600|0.51|0.48|0.49|0.49|0.0||
ACHV|20|NASDAQ|2020|3|4|15|30|702100|0.52|0.48|0.5|0.5|0.0||
ACHV|21|NASDAQ|2020|3|3|15|30|901000|0.57|0.49|0.5|0.54|0.0||
ACHV|22|NASDAQ|2020|3|2|15|30|1740500|0.55|0.45|0.53|0.5|0.0||
ACHV|23|NASDAQ|2020|2|28|15|30|1187600|0.49|0.42|0.48|0.42|0.0||
ACHV|24|NASDAQ|2020|2|27|15|30|1621800|0.49|0.43|0.47|0.47|0.0||
ACHV|25|NASDAQ|2020|2|26|15|30|2355100|0.54|0.48|0.49|0.53|0.0||
ACHV|26|NASDAQ|2020|2|25|15|30|9150800|0.62|0.52|0.52|0.56|0.0||
ACHV|27|NASDAQ|2020|2|24|15|30|526700|0.52|0.48|0.5|0.5|0.0||
ACHV|28|NASDAQ|2020|2|21|15|30|479500|0.52|0.48|0.5|0.48|0.0||
ACHV|29|NASDAQ|2020|2|20|15|30|1460100|0.52|0.48|0.5|0.51|0.0||
ACHV|30|NASDAQ|2020|2|19|15|30|675200|0.53|0.5|0.51|0.52|0.0||
ACHV|31|NASDAQ|2020|2|18|15|30|425100|0.53|0.51|0.52|0.53|0.0||
ACHV|32|NASDAQ|2020|2|14|15|30|994900|0.55|0.51|0.53|0.52|0.0||
ACHV|33|NASDAQ|2020|2|13|15|30|673000|0.52|0.5|0.52|0.52|0.0||
ACHV|34|NASDAQ|2020|2|12|15|30|661200|0.53|0.52|0.53|0.53|0.0||
ACHV|35|NASDAQ|2020|2|11|15|30|993900|0.54|0.51|0.53|0.52|0.0||
ACHV|36|NASDAQ|2020|2|10|15|30|1177900|0.54|0.51|0.52|0.53|0.0||
ACHV|37|NASDAQ|2020|2|7|15|30|2112300|0.56|0.52|0.54|0.56|0.0||
ACHV|38|NASDAQ|2020|2|6|15|30|2926900|0.62|0.57|0.58|0.61|0.0||
ACHV|39|NASDAQ|2020|2|5|15|30|1992900|0.62|0.58|0.6|0.61|0.0||
ACHV|40|NASDAQ|2020|2|4|15|30|3664700|0.62|0.57|0.6|0.58|0.0||
ACHV|41|NASDAQ|2020|2|3|15|30|1149100|0.58|0.55|0.57|0.58|0.0||
ACHV|42|NASDAQ|2020|1|31|15|30|688800|0.58|0.55|0.56|0.55|0.0||
ACHV|43|NASDAQ|2020|1|30|15|30|909800|0.59|0.55|0.55|0.58|0.0||
ACHV|44|NASDAQ|2020|1|29|15|30|1021200|0.6|0.57|0.57|0.57|0.0||
ACHV|45|NASDAQ|2020|1|28|15|30|687400|0.57|0.56|0.56|0.56|0.0||
ACHV|46|NASDAQ|2020|1|27|15|30|1290100|0.59|0.55|0.56|0.55|0.0||
ACHV|47|NASDAQ|2020|1|24|15|30|2440300|0.61|0.55|0.57|0.58|0.0||
ACHV|48|NASDAQ|2020|1|23|15|30|4579000|0.64|0.56|0.59|0.59|0.0||
ACHV|49|NASDAQ|2020|1|22|15|30|1401200|0.63|0.59|0.6|0.61|0.0||
ACHV|50|NASDAQ|2020|1|21|15|30|2402000|0.63|0.59|0.61|0.63|0.0||
ACHV|51|NASDAQ|2020|1|17|15|30|6803900|0.67|0.61|0.64|0.63|0.0||
ACHV|52|NASDAQ|2020|1|16|15|30|4989300|0.62|0.55|0.6|0.56|0.0||
ACHV|53|NASDAQ|2020|1|15|15|30|1430800|0.58|0.54|0.55|0.57|0.0||
ACHV|54|NASDAQ|2020|1|14|15|30|1195000|0.59|0.57|0.57|0.59|0.0||
ACHV|55|NASDAQ|2020|1|13|15|30|4552900|0.68|0.54|0.57|0.66|0.0||
ACHV|56|NASDAQ|2020|1|10|15|30|5424100|0.63|0.57|0.62|0.57|0.0||
ACHV|57|NASDAQ|2020|1|9|15|30|4072100|0.6|0.56|0.56|0.57|0.0||
ACHV|58|NASDAQ|2020|1|8|15|30|1273300|0.58|0.51|0.56|0.56|0.0||
ACHV|59|NASDAQ|2020|1|7|15|30|1890600|0.58|0.53|0.55|0.58|0.0||
ACHV|60|NASDAQ|2020|1|6|15|30|4864300|0.6|0.55|0.58|0.56|0.0||
ACHV|61|NASDAQ|2020|1|3|15|30|4013800|0.56|0.51|0.56|0.52|0.0||
ACHV|62|NASDAQ|2020|1|2|15|30|928300|0.53|0.51|0.52|0.53|0.0||
ACHV|63|NASDAQ|2019|12|31|15|30|1191400|0.53|0.51|0.53|0.52|0.0||
ACHV|64|NASDAQ|2019|12|30|15|30|2254100|0.57|0.5|0.52|0.55|0.0||
ACHV|65|NASDAQ|2019|12|27|15|30|2262700|0.56|0.51|0.54|0.53|0.0||
ACHV|66|NASDAQ|2019|12|26|15|30|3311800|0.55|0.49|0.53|0.5|0.0||
ACHV|67|NASDAQ|2019|12|24|15|30|425400|0.5|0.49|0.5|0.49|0.0||
ACHV|68|NASDAQ|2019|12|23|15|30|1542800|0.52|0.48|0.49|0.52|0.0||
ACHV|69|NASDAQ|2019|12|20|15|30|1483300|0.51|0.47|0.48|0.5|0.0||
ACHV|70|NASDAQ|2019|12|19|15|30|2331000|0.53|0.49|0.5|0.51|0.0||
ACHV|71|NASDAQ|2019|12|18|15|30|5906800|0.57|0.49|0.52|0.52|0.0||
ACHV|72|NASDAQ|2019|12|17|15|30|35639200|1.4|0.46|0.49|1.0|0.0||
ACHV|73|NASDAQ|2019|12|16|15|30|1619000|0.92|0.74|0.77|0.8|0.0||
ACHV|74|NASDAQ|2019|12|13|15|30|2162800|0.93|0.7|0.91|0.83|0.0||
ACHV|75|NASDAQ|2019|12|12|15|30|1843400|0.87|0.66|0.7|0.84|0.0||
ACHV|76|NASDAQ|2019|12|11|15|30|372700|0.89|0.83|0.86|0.89|0.0||
ACHV|77|NASDAQ|2019|12|10|15|30|1967600|1.0|0.83|0.88|0.99|0.0||
ACHV|78|NASDAQ|2019|12|9|15|30|3386500|1.17|0.96|1.04|1.15|0.0||
ACHV|79|NASDAQ|2019|12|6|15|30|65500|0.96|0.91|0.91|0.96|0.0||
ACHV|80|NASDAQ|2019|12|5|15|30|164900|1.05|0.91|0.96|0.91|0.0||
ACHV|81|NASDAQ|2019|12|4|15|30|39700|0.95|0.89|0.91|0.89|0.0||
ACHV|82|NASDAQ|2019|12|3|15|30|79900|0.9|0.85|0.9|0.86|0.0||
ACHV|83|NASDAQ|2019|12|2|15|30|159000|0.9|0.86|0.88|0.89|0.0||
ACHV|84|NASDAQ|2019|11|29|15|30|304800|1.03|0.9|0.92|1.03|0.0||
ACHV|85|NASDAQ|2019|11|27|15|30|31400|0.95|0.88|0.92|0.91|0.0||
ACHV|86|NASDAQ|2019|11|26|15|30|182300|0.96|0.88|0.88|0.93|0.0||
ACHV|87|NASDAQ|2019|11|25|15|30|298100|0.98|0.88|0.93|0.92|0.0||
ACHV|88|NASDAQ|2019|11|22|15|30|67300|0.91|0.87|0.88|0.9|0.0||
ACHV|89|NASDAQ|2019|11|21|15|30|123000|1.01|0.88|0.88|0.96|0.0||
ACHV|90|NASDAQ|2019|11|20|15|30|587400|1.04|0.86|0.95|0.86|0.0||
ACHV|91|NASDAQ|2019|11|19|15|30|42600|0.88|0.84|0.85|0.84|0.0||
ACHV|92|NASDAQ|2019|11|18|15|30|73500|0.88|0.83|0.84|0.85|0.0||
ACHV|93|NASDAQ|2019|11|15|15|30|65800|0.89|0.84|0.84|0.85|0.0||
ACHV|94|NASDAQ|2019|11|14|15|30|73000|0.9|0.84|0.84|0.85|0.0||
ACHV|95|NASDAQ|2019|11|13|15|30|230100|0.94|0.83|0.83|0.94|0.0||
ACHV|96|NASDAQ|2019|11|12|15|30|171900|0.96|0.9|0.9|0.9|0.0||
ACHV|97|NASDAQ|2019|11|11|15|30|125500|0.92|0.84|0.89|0.88|0.0||
ACHV|98|NASDAQ|2019|11|8|15|30|243100|1.04|0.88|0.91|1.04|0.0||
ACHV|99|NASDAQ|2019|11|7|15|30|159100|1.07|1.0|1.05|1.07|0.0||
ACHV|100|NASDAQ|2019|11|6|15|30|725900|1.16|0.99|1.05|1.15|0.0||
ACHV|101|NASDAQ|2019|11|5|15|30|182500|1.34|1.22|1.22|1.33|0.0||
ACHV|102|NASDAQ|2019|11|4|15|30|79200|1.37|1.28|1.32|1.35|0.0||
ACHV|103|NASDAQ|2019|11|1|14|30|33900|1.35|1.29|1.32|1.29|0.0||
ACHV|104|NASDAQ|2019|10|31|14|30|85500|1.38|1.23|1.29|1.28|0.0||
ACHV|105|NASDAQ|2019|10|30|14|30|155200|1.38|1.24|1.28|1.37|0.0||
ACHV|106|NASDAQ|2019|10|29|14|30|79800|1.46|1.37|1.37|1.45|0.0||
ACHV|107|NASDAQ|2019|10|28|14|30|33700|1.5|1.44|1.45|1.44|0.0||
ACHV|108|NASDAQ|2019|10|25|15|30|44900|1.5|1.39|1.45|1.42|0.0||
ACHV|109|NASDAQ|2019|10|24|15|30|53300|1.52|1.4|1.44|1.44|0.0||
ACHV|110|NASDAQ|2019|10|23|15|30|22700|1.47|1.42|1.42|1.42|0.0||
ACHV|111|NASDAQ|2019|10|22|15|30|38300|1.49|1.42|1.43|1.47|0.0||
ACHV|112|NASDAQ|2019|10|21|15|30|54100|1.52|1.45|1.49|1.5|0.0||
ACHV|113|NASDAQ|2019|10|18|15|30|77800|1.58|1.48|1.48|1.52|0.0||
ACHV|114|NASDAQ|2019|10|17|15|30|68600|1.64|1.52|1.54|1.52|0.0||
ACHV|115|NASDAQ|2019|10|16|15|30|17000|1.64|1.52|1.57|1.52|0.0||
ACHV|116|NASDAQ|2019|10|15|15|30|58800|1.58|1.47|1.53|1.47|0.0||
ACHV|117|NASDAQ|2019|10|14|15|30|62300|1.56|1.45|1.48|1.56|0.0||
ACHV|118|NASDAQ|2019|10|11|15|30|59500|1.63|1.52|1.58|1.58|0.0||
ACHV|119|NASDAQ|2019|10|10|15|30|48500|1.62|1.55|1.55|1.58|0.0||
ACHV|120|NASDAQ|2019|10|9|15|30|59900|1.63|1.56|1.57|1.63|0.0||
ACHV|121|NASDAQ|2019|10|8|15|30|31800|1.66|1.57|1.63|1.65|0.0||
ACHV|122|NASDAQ|2019|10|7|15|30|70300|1.71|1.56|1.65|1.59|||
ACHV|123|NASDAQ|2019|10|4|15|30|109500|1.69|1.56|1.59|1.63|||
ACHV|124|NASDAQ|2019|10|3|15|30|85600|1.71|1.4|1.65|1.43|||
ACHV|125|NASDAQ|2019|10|2|15|30|246500|1.7|1.44|1.51|1.65|||
ACMR|0|NASDAQ|2020|4|1|22|0|359354|29.110001|26.879999|27.34|28.35|||
ACMR|1|NASDAQ|2020|3|31|15|30|522600|30.6|28.891001|29.610001|30.0|||
ACMR|2|NASDAQ|2020|3|30|15|30|379000|30.299999|27.908001|29.99|28.43|||
ACMR|3|NASDAQ|2020|3|27|14|30|337100|29.25|27.440001|28.379999|28.1|||
ACMR|4|NASDAQ|2020|3|26|14|30|600800|30.01|28.049999|29.9|28.049999|||
ACMR|5|NASDAQ|2020|3|25|14|30|573300|29.9|27.1|27.700001|28.360001|0.0||
ACMR|6|NASDAQ|2020|3|24|14|30|1029800|31.459999|27.110001|28.24|28.33|0.0||
ACMR|7|NASDAQ|2020|3|23|14|30|975200|26.969999|21.530001|26.219999|22.42|0.0||
ACMR|8|NASDAQ|2020|3|20|14|30|900600|24.059999|21.67|22.07|21.84|1.0||
ACMR|9|NASDAQ|2020|3|19|14|30|1269500|21.950001|18.57|20.5|21.950001|1.0||
ACMR|10|NASDAQ|2020|3|18|14|30|838400|22.83|15.95|17.25|22.139999|1.0||
ACMR|11|NASDAQ|2020|3|17|14|30|574700|24.92|20.459999|24.02|21.440001|0.0||
ACMR|12|NASDAQ|2020|3|16|14|30|520700|21.889999|18.969999|21.01|19.15|0.0||
ACMR|13|NASDAQ|2020|3|13|14|30|582100|26.389999|21.530001|22.870001|25.42|0.0||
ACMR|14|NASDAQ|2020|3|12|14|30|597600|25.459999|22.280001|23.43|25.0|0.0||
ACMR|15|NASDAQ|2020|3|11|14|30|642500|27.219999|24.799999|25.6|27.219999|0.0||
ACMR|16|NASDAQ|2020|3|10|14|30|944700|29.299999|26.110001|26.790001|28.0|0.0||
ACMR|17|NASDAQ|2020|3|9|14|30|565600|29.305|27.0|27.01|28.26|0.0||
ACMR|18|NASDAQ|2020|3|6|15|30|527400|34.599998|30.940001|32.029999|34.5|0.0||
ACMR|19|NASDAQ|2020|3|5|15|30|269200|36.220001|34.59|35.29000100000001|34.889999|0.0||
ACMR|20|NASDAQ|2020|3|4|15|30|258900|36.84|35.0|35.700001|36.119999|0.0||
ACMR|21|NASDAQ|2020|3|3|15|30|524000|37.279999|34.669998|35.560001|36.990002|0.0||
ACMR|22|NASDAQ|2020|3|2|15|30|319600|36.68|33.700001|36.669998|35.560001|0.0||
ACMR|23|NASDAQ|2020|2|28|15|30|570700|35.36000100000001|32.130001|34.950001|33.27|0.0||
ACMR|24|NASDAQ|2020|2|27|15|30|638700|36.299999|33.91|35.110001000000004|35.0|0.0||
ACMR|25|NASDAQ|2020|2|26|15|30|288900|38.240002|36.509998|37.360001|36.959999|0.0||
ACMR|26|NASDAQ|2020|2|25|15|30|527400|39.641998|36.07|37.5|38.950001|0.0||
ACMR|27|NASDAQ|2020|2|24|15|30|661300|39.689999|34.880001|38.259998|36.400002|0.0||
ACMR|28|NASDAQ|2020|2|21|15|30|626900|43.575001|38.549999|38.720001|42.93|0.0||
ACMR|29|NASDAQ|2020|2|20|15|30|705900|43.099998|40.23|42.650002|40.43|0.0||
ACMR|30|NASDAQ|2020|2|19|15|30|1385500|46.389999|39.68|39.919998|42.389999|0.0||
ACMR|31|NASDAQ|2020|2|18|15|30|1257100|42.759998|39.869999|41.830002|40.009998|0.0||
ACMR|32|NASDAQ|2020|2|14|15|30|275400|39.48|38.060001|39.099998|38.860001|0.0||
ACMR|33|NASDAQ|2020|2|13|15|30|472000|40.720001|38.299999|38.700001|40.720001|0.0||
ACMR|34|NASDAQ|2020|2|12|15|30|560200|41.0|38.529999|40.759998|39.720001|0.0||
ACMR|35|NASDAQ|2020|2|11|15|30|1474100|43.287998|37.310001|39.310001|42.759998|0.0||
ACMR|36|NASDAQ|2020|2|10|15|30|1098400|42.0|35.86000100000001|41.59|36.060001|0.0||
ACMR|37|NASDAQ|2020|2|7|15|30|556000|37.728001|35.470001|36.029999|37.400002|0.0||
ACMR|38|NASDAQ|2020|2|6|15|30|521700|38.389999|35.349998|37.0|35.959999|0.0||
ACMR|39|NASDAQ|2020|2|5|15|30|546000|40.200001|34.775002|35.349998|40.02|0.0||
ACMR|40|NASDAQ|2020|2|4|15|30|597200|39.080002|36.599998|38.349998|37.299999|0.0||
ACMR|41|NASDAQ|2020|2|3|15|30|669800|38.990002|34.5|35.529999|34.889999|0.0||
ACMR|42|NASDAQ|2020|1|31|15|30|474800|36.0|33.251999|34.740002000000004|36.0|0.0||
ACMR|43|NASDAQ|2020|1|30|15|30|606300|36.84|35.099998|36.040001|36.459999|0.0||
ACMR|44|NASDAQ|2020|1|29|15|30|447600|39.240002|35.720001|37.040001|37.799999|0.0||
ACMR|45|NASDAQ|2020|1|28|15|30|938300|42.950001|36.529999|38.07|39.779999|0.0||
ACMR|46|NASDAQ|2020|1|27|15|30|1367700|38.799999|32.5|37.57|33.009998|0.0||
ACMR|47|NASDAQ|2020|1|24|15|30|1788000|41.869999|35.0|35.709999|41.84|0.0||
ACMR|48|NASDAQ|2020|1|23|15|30|1771300|46.970001|39.77|40.259998|46.669998|0.0||
ACMR|49|NASDAQ|2020|1|22|15|30|2773600|51.202|43.581001|48.540001|46.0|0.0||
ACMR|50|NASDAQ|2020|1|21|15|30|1341000|42.689999|35.0|42.669998|35.99000200000001|0.0||
ACMR|51|NASDAQ|2020|1|17|15|30|870200|36.369999|32.349998|36.09|36.0|0.0||
ACMR|52|NASDAQ|2020|1|16|15|30|1204100|37.619999|35.453999|36.310001|35.549999|0.0||
ACMR|53|NASDAQ|2020|1|15|15|30|2232900|36.700001|30.719999|35.150002|31.59|1.0||
ACMR|54|NASDAQ|2020|1|14|15|30|1253900|31.83|27.0|31.59|27.0|1.0||
ACMR|55|NASDAQ|2020|1|13|15|30|639000|26.43|24.15|26.280001|24.15|1.0||
ACMR|56|NASDAQ|2020|1|10|15|30|193800|24.42|23.33|23.629999|23.5|1.0||
ACMR|57|NASDAQ|2020|1|9|15|30|518800|25.0|22.370001|23.48|24.860001|1.0||
ACMR|58|NASDAQ|2020|1|8|15|30|889700|26.290001|24.440001|24.780001|24.450001|0.0||
ACMR|59|NASDAQ|2020|1|7|15|30|932500|24.709999|21.24|24.5|21.440001|0.0||
ACMR|60|NASDAQ|2020|1|6|15|30|618800|21.790001|18.9|21.0|18.91|0.0||
ACMR|61|NASDAQ|2020|1|3|15|30|115300|19.25|18.450001|19.1|18.58|1.0||
ACMR|62|NASDAQ|2020|1|2|15|30|160400|19.290001|18.51|18.93|18.73|1.0||
ACMR|63|NASDAQ|2019|12|31|15|30|111400|18.778|18.25|18.450001|18.299999|1.0||
ACMR|64|NASDAQ|2019|12|30|15|30|189700|18.440001|18.030001|18.145|18.440001|1.0||
ACMR|65|NASDAQ|2019|12|27|15|30|179700|19.299999|18.08|18.4|18.860001|0.0||
ACMR|66|NASDAQ|2019|12|26|15|30|170100|19.59|18.75|19.01|19.360001|0.0||
ACMR|67|NASDAQ|2019|12|24|15|30|150100|19.790001|19.25|19.33|19.690001|0.0||
ACMR|68|NASDAQ|2019|12|23|15|30|265300|19.75|18.309999|19.620001|18.549999|0.0||
ACMR|69|NASDAQ|2019|12|20|15|30|99500|18.620001|18.299999|18.469999|18.299999|0.0||
ACMR|70|NASDAQ|2019|12|19|15|30|157200|18.632999|18.1|18.27|18.41|0.0||
ACMR|71|NASDAQ|2019|12|18|15|30|141900|18.92|18.24|18.43|18.790001|0.0||
ACMR|72|NASDAQ|2019|12|17|15|30|197100|19.09|18.243999|18.690001|18.67|0.0||
ACMR|73|NASDAQ|2019|12|16|15|30|252200|18.25|16.92|18.190001|17.059998999999998|0.0||
ACMR|74|NASDAQ|2019|12|13|15|30|152200|16.950001|15.76|16.889999|15.91|0.0||
ACMR|75|NASDAQ|2019|12|12|15|30|45800|15.9|15.7|15.9|15.77|1.0||
ACMR|76|NASDAQ|2019|12|11|15|30|126500|16.0|15.14|15.73|15.14|1.0||
ACMR|77|NASDAQ|2019|12|10|15|30|52200|15.24|14.75|15.08|14.75|1.0||
ACMR|78|NASDAQ|2019|12|9|15|30|74700|15.53|14.48|14.67|15.53|1.0||
ACMR|79|NASDAQ|2019|12|6|15|30|154700|15.58|14.69|15.42|14.69|0.0||
ACMR|80|NASDAQ|2019|12|5|15|30|92900|14.78|14.112|14.67|14.17|0.0||
ACMR|81|NASDAQ|2019|12|4|15|30|82400|14.26|13.92|14.11|14.04|0.0||
ACMR|82|NASDAQ|2019|12|3|15|30|87300|14.0|13.58|13.99|13.6|0.0||
ACMR|83|NASDAQ|2019|12|2|15|30|79400|14.11|13.76|13.91|14.0|0.0||
ACMR|84|NASDAQ|2019|11|29|15|30|85400|13.99|13.56|13.81|13.87|0.0||
ACMR|85|NASDAQ|2019|11|27|15|30|186700|14.15|13.57|13.79|14.08|0.0||
ACMR|86|NASDAQ|2019|11|26|15|30|55200|14.4|14.02|14.1|14.32|0.0||
ACMR|87|NASDAQ|2019|11|25|15|30|95300|14.53|14.05|14.31|14.12|0.0||
ACMR|88|NASDAQ|2019|11|22|15|30|128300|14.45|13.84|13.87|14.33|0.0||
ACMR|89|NASDAQ|2019|11|21|15|30|133900|14.8|14.21|14.3|14.54|0.0||
ACMR|90|NASDAQ|2019|11|20|15|30|254000|14.81|13.82|14.63|13.87|0.0||
ACMR|91|NASDAQ|2019|11|19|15|30|80500|14.43|13.9|13.98|14.16|0.0||
ACMR|92|NASDAQ|2019|11|18|15|30|75700|14.41|14.02|14.15|14.31|0.0||
ACMR|93|NASDAQ|2019|11|15|15|30|75000|14.7|14.14|14.42|14.47|0.0||
ACMR|94|NASDAQ|2019|11|14|15|30|110600|15.06|14.31|14.36|14.51|0.0||
ACMR|95|NASDAQ|2019|11|13|15|30|90800|15.01|14.037|14.52|14.96|0.0||
ACMR|96|NASDAQ|2019|11|12|15|30|118500|15.0|14.33|14.95|14.37|0.0||
ACMR|97|NASDAQ|2019|11|11|15|30|174900|14.49|13.44|14.39|14.39|0.0||
ACMR|98|NASDAQ|2019|11|8|15|30|155300|15.75|14.1|14.42|15.65|0.0||
ACMR|99|NASDAQ|2019|11|7|15|30|299200|15.88|14.68|15.65|15.6|0.0||
ACMR|100|NASDAQ|2019|11|6|15|30|191100|14.9|14.29|14.4|14.29|0.0||
ACMR|101|NASDAQ|2019|11|5|15|30|110600|14.44|13.45|14.26|13.63|0.0||
ACMR|102|NASDAQ|2019|11|4|15|30|114300|13.695|12.9|13.64|12.91|0.0||
ACMR|103|NASDAQ|2019|11|1|14|30|71100|12.96|12.61|12.83|12.61|1.0||
ACMR|104|NASDAQ|2019|10|31|14|30|68000|13.0|12.51|12.59|12.97|1.0||
ACMR|105|NASDAQ|2019|10|30|14|30|85100|13.07|12.85|13.0|13.05|0.0||
ACMR|106|NASDAQ|2019|10|29|14|30|91800|13.6|12.93|12.97|13.51|0.0||
ACMR|107|NASDAQ|2019|10|28|14|30|128800|13.78|13.28|13.55|13.435|0.0||
ACMR|108|NASDAQ|2019|10|25|15|30|99700|13.78|13.3|13.4|13.65|0.0||
ACMR|109|NASDAQ|2019|10|24|15|30|131100|14.11|12.86|13.5|12.88|0.0||
ACMR|110|NASDAQ|2019|10|23|15|30|77900|13.33|12.76|12.81|13.03|0.0||
ACMR|111|NASDAQ|2019|10|22|15|30|31800|13.419|12.9|13.12|13.24|0.0||
ACMR|112|NASDAQ|2019|10|21|15|30|45200|13.25|12.66|13.15|12.8|0.0||
ACMR|113|NASDAQ|2019|10|18|15|30|46600|13.24|12.63|12.66|13.12|0.0||
ACMR|114|NASDAQ|2019|10|17|15|30|27900|13.244000000000002|12.96|13.24|13.0|0.0||
ACMR|115|NASDAQ|2019|10|16|15|30|54200|13.14|12.64|12.84|13.099|0.0||
ACMR|116|NASDAQ|2019|10|15|15|30|47800|13.41|12.88|13.19|12.88|0.0||
ACMR|117|NASDAQ|2019|10|14|15|30|79800|13.55|12.65|12.81|13.24|0.0||
ACMR|118|NASDAQ|2019|10|11|15|30|42000|13.62|13.23|13.23|13.44|0.0||
ACMR|119|NASDAQ|2019|10|10|15|30|43900|13.65|13.05|13.24|13.39|0.0||
ACMR|120|NASDAQ|2019|10|9|15|30|69200|13.63|13.09|13.35|13.17|0.0||
ACMR|121|NASDAQ|2019|10|8|15|30|100200|13.42|12.7|13.11|13.42|0.0||
ACMR|122|NASDAQ|2019|10|7|15|30|64400|13.99|13.42|13.49|13.73|||
ACMR|123|NASDAQ|2019|10|4|15|30|52800|14.26|13.555|13.9|13.93|||
ACMR|124|NASDAQ|2019|10|3|15|30|37500|14.23|13.799|13.95|13.81|||
ACMR|125|NASDAQ|2019|10|2|15|30|62800|13.92|13.35|13.82|13.42|||
ADIL|0|NASDAQ|2020|4|1|22|0|46576|1.2229|1.05|1.2|1.2265|||
ADIL|1|NASDAQ|2020|3|31|15|30|25000|1.35|1.3|1.3|1.35|||
ADIL|2|NASDAQ|2020|3|30|15|30|25200|1.42|1.25|1.34|1.32|||
ADIL|3|NASDAQ|2020|3|27|14|30|81200|1.44|1.25|1.38|1.29|||
ADIL|4|NASDAQ|2020|3|26|14|30|268600|1.54|1.16|1.3|1.32|||
ADIL|5|NASDAQ|2020|3|25|14|30|116300|1.29|1.05|1.24|1.18|0.0||
ADIL|6|NASDAQ|2020|3|24|14|30|70300|1.24|1.05|1.05|1.15|1.0||
ADIL|7|NASDAQ|2020|3|23|14|30|39900|1.23|1.01|1.05|1.13|1.0||
ADIL|8|NASDAQ|2020|3|20|14|30|12500|1.27|1.12|1.2|1.25|0.0||
ADIL|9|NASDAQ|2020|3|19|14|30|10300|1.28|1.09|1.21|1.09|0.0||
ADIL|10|NASDAQ|2020|3|18|14|30|94700|1.43|1.0|1.15|1.25|0.0||
ADIL|11|NASDAQ|2020|3|17|14|30|112700|1.79|1.3|1.31|1.36|0.0||
ADIL|12|NASDAQ|2020|3|16|14|30|15400|1.38|1.22|1.34|1.3|0.0||
ADIL|13|NASDAQ|2020|3|13|14|30|25100|1.37|1.22|1.28|1.3|0.0||
ADIL|14|NASDAQ|2020|3|12|14|30|29700|1.3|1.2|1.22|1.2|0.0||
ADIL|15|NASDAQ|2020|3|11|14|30|18200|1.43|1.32|1.35|1.34|0.0||
ADIL|16|NASDAQ|2020|3|10|14|30|7300|1.43|1.34|1.37|1.4|0.0||
ADIL|17|NASDAQ|2020|3|9|14|30|39900|1.45|1.3|1.33|1.44|0.0||
ADIL|18|NASDAQ|2020|3|6|15|30|59600|1.59|1.45|1.46|1.59|0.0||
ADIL|19|NASDAQ|2020|3|5|15|30|44200|1.6|1.41|1.59|1.45|0.0||
ADIL|20|NASDAQ|2020|3|4|15|30|51100|1.55|1.4|1.51|1.53|0.0||
ADIL|21|NASDAQ|2020|3|3|15|30|362700|1.88|1.27|1.44|1.45|0.0||
ADIL|22|NASDAQ|2020|3|2|15|30|19200|1.5|1.4|1.41|1.5|0.0||
ADIL|23|NASDAQ|2020|2|28|15|30|43000|1.52|1.26|1.44|1.44|0.0||
ADIL|24|NASDAQ|2020|2|27|15|30|96200|1.63|1.2|1.54|1.51|0.0||
ADIL|25|NASDAQ|2020|2|26|15|30|15500|1.6|1.57|1.6|1.58|0.0||
ADIL|26|NASDAQ|2020|2|25|15|30|63600|1.72|1.5|1.58|1.64|0.0||
ADIL|27|NASDAQ|2020|2|24|15|30|9300|1.7|1.54|1.7|1.7|0.0||
ADIL|28|NASDAQ|2020|2|21|15|30|134300|1.81|1.61|1.74|1.61|0.0||
ADIL|29|NASDAQ|2020|2|20|15|30|45400|1.67|1.5|1.65|1.6|0.0||
ADIL|30|NASDAQ|2020|2|19|15|30|151400|1.69|1.49|1.61|1.52|0.0||
ADIL|31|NASDAQ|2020|2|18|15|30|32000|1.59|1.48|1.52|1.59|0.0||
ADIL|32|NASDAQ|2020|2|14|15|30|355400|1.76|1.22|1.52|1.7|1.0||
ADIL|33|NASDAQ|2020|2|13|15|30|32900|1.76|1.65|1.68|1.66|0.0||
ADIL|34|NASDAQ|2020|2|12|15|30|36400|1.84|1.67|1.72|1.67|0.0||
ADIL|35|NASDAQ|2020|2|11|15|30|44900|1.75|1.6|1.7|1.63|0.0||
ADIL|36|NASDAQ|2020|2|10|15|30|152300|1.88|1.4|1.61|1.82|0.0||
ADIL|37|NASDAQ|2020|2|7|15|30|79400|1.95|1.75|1.78|1.95|0.0||
ADIL|38|NASDAQ|2020|2|6|15|30|145300|2.03|1.73|1.85|1.74|0.0||
ADIL|39|NASDAQ|2020|2|5|15|30|43200|1.74|1.6|1.7|1.63|0.0||
ADIL|40|NASDAQ|2020|2|4|15|30|53400|1.85|1.6|1.71|1.76|0.0||
ADIL|41|NASDAQ|2020|2|3|15|30|24300|1.85|1.72|1.76|1.8|0.0||
ADIL|42|NASDAQ|2020|1|31|15|30|49900|1.89|1.66|1.82|1.74|0.0||
ADIL|43|NASDAQ|2020|1|30|15|30|68700|1.87|1.57|1.59|1.87|0.0||
ADIL|44|NASDAQ|2020|1|29|15|30|67000|1.97|1.73|1.86|1.97|0.0||
ADIL|45|NASDAQ|2020|1|28|15|30|29800|2.04|1.95|1.97|1.96|0.0||
ADIL|46|NASDAQ|2020|1|27|15|30|37100|2.13|1.95|2.01|2.08|0.0||
ADIL|47|NASDAQ|2020|1|24|15|30|21500|2.13|2.02|2.13|2.02|0.0||
ADIL|48|NASDAQ|2020|1|23|15|30|48100|2.1|1.97|2.02|2.02|0.0||
ADIL|49|NASDAQ|2020|1|22|15|30|50300|2.22|2.0|2.01|2.1|0.0||
ADIL|50|NASDAQ|2020|1|21|15|30|32200|2.2|2.0|2.1|2.1|0.0||
ADIL|51|NASDAQ|2020|1|17|15|30|59900|2.22|2.1|2.12|2.1|0.0||
ADIL|52|NASDAQ|2020|1|16|15|30|120400|2.3|2.1|2.17|2.28|0.0||
ADIL|53|NASDAQ|2020|1|15|15|30|36900|2.4|2.08|2.31|2.3|0.0||
ADIL|54|NASDAQ|2020|1|14|15|30|127200|2.53|2.01|2.34|2.26|0.0||
ADIL|55|NASDAQ|2020|1|13|15|30|18100|2.34|2.22|2.29|2.27|0.0||
ADIL|56|NASDAQ|2020|1|10|15|30|70800|2.47|2.21|2.29|2.42|0.0||
ADIL|57|NASDAQ|2020|1|9|15|30|97400|2.65|2.47|2.47|2.5|0.0||
ADIL|58|NASDAQ|2020|1|8|15|30|32300|2.49|2.33|2.47|2.45|0.0||
ADIL|59|NASDAQ|2020|1|7|15|30|44200|2.49|2.32|2.39|2.39|0.0||
ADIL|60|NASDAQ|2020|1|6|15|30|12300|2.46|2.33|2.42|2.35|0.0||
ADIL|61|NASDAQ|2020|1|3|15|30|50100|2.49|2.3|2.44|2.4|0.0||
ADIL|62|NASDAQ|2020|1|2|15|30|78800|2.55|2.38|2.44|2.53|0.0||
ADIL|63|NASDAQ|2019|12|31|15|30|143300|2.7|2.38|2.41|2.69|0.0||
ADIL|64|NASDAQ|2019|12|30|15|30|189600|2.73|2.39|2.64|2.42|0.0||
ADIL|65|NASDAQ|2019|12|27|15|30|29000|2.45|2.33|2.45|2.34|0.0||
ADIL|66|NASDAQ|2019|12|26|15|30|65800|2.45|2.21|2.35|2.36|0.0||
ADIL|67|NASDAQ|2019|12|24|15|30|57900|2.4|2.15|2.38|2.16|0.0||
ADIL|68|NASDAQ|2019|12|23|15|30|83200|2.33|2.15|2.17|2.22|1.0||
ADIL|69|NASDAQ|2019|12|20|15|30|69100|2.49|2.29|2.31|2.49|0.0||
ADIL|70|NASDAQ|2019|12|19|15|30|166100|2.5|2.28|2.44|2.4|0.0||
ADIL|71|NASDAQ|2019|12|18|15|30|107300|2.37|2.1|2.29|2.36|0.0||
ADIL|72|NASDAQ|2019|12|17|15|30|295200|2.42|2.0|2.16|2.31|0.0||
ADIL|73|NASDAQ|2019|12|16|15|30|1566800|3.17|2.06|2.53|2.45|0.0||
ADIL|74|NASDAQ|2019|12|13|15|30|362500|2.49|1.62|2.2|1.62|0.0||
ADIL|75|NASDAQ|2019|12|12|15|30|27000|1.71|1.66|1.68|1.7|1.0||
ADIL|76|NASDAQ|2019|12|11|15|30|34900|1.75|1.64|1.67|1.74|1.0||
ADIL|77|NASDAQ|2019|12|10|15|30|148900|1.7|1.57|1.69|1.69|1.0||
ADIL|78|NASDAQ|2019|12|9|15|30|51300|1.65|1.47|1.62|1.47|1.0||
ADIL|79|NASDAQ|2019|12|6|15|30|130600|1.66|1.39|1.51|1.4|0.0||
ADIL|80|NASDAQ|2019|12|5|15|30|2100|1.42|1.37|1.38|1.37|1.0||
ADIL|81|NASDAQ|2019|12|4|15|30|10100|1.42|1.39|1.39|1.4|1.0||
ADIL|82|NASDAQ|2019|12|3|15|30|21200|1.42|1.36|1.4|1.42|1.0||
ADIL|83|NASDAQ|2019|12|2|15|30|83100|1.46|1.37|1.41|1.46|0.0||
ADIL|84|NASDAQ|2019|11|29|15|30|8700|1.47|1.42|1.45|1.47|0.0||
ADIL|85|NASDAQ|2019|11|27|15|30|7000|1.49|1.4|1.43|1.4|0.0||
ADIL|86|NASDAQ|2019|11|26|15|30|9400|1.49|1.4|1.45|1.49|0.0||
ADIL|87|NASDAQ|2019|11|25|15|30|30500|1.5|1.4|1.42|1.44|0.0||
ADIL|88|NASDAQ|2019|11|22|15|30|13900|1.48|1.42|1.44|1.47|0.0||
ADIL|89|NASDAQ|2019|11|21|15|30|15300|1.6|1.42|1.55|1.6|0.0||
ADIL|90|NASDAQ|2019|11|20|15|30|46500|1.55|1.42|1.42|1.54|0.0||
ADIL|91|NASDAQ|2019|11|19|15|30|17200|1.61|1.51|1.55|1.52|0.0||
ADIL|92|NASDAQ|2019|11|18|15|30|29800|1.59|1.48|1.51|1.51|0.0||
ADIL|93|NASDAQ|2019|11|15|15|30|43200|1.6|1.5|1.53|1.59|0.0||
ADIL|94|NASDAQ|2019|11|14|15|30|9900|1.63|1.58|1.58|1.63|0.0||
ADIL|95|NASDAQ|2019|11|13|15|30|10200|1.66|1.6|1.64|1.66|0.0||
ADIL|96|NASDAQ|2019|11|12|15|30|44900|1.75|1.59|1.62|1.71|0.0||
ADIL|97|NASDAQ|2019|11|11|15|30|23900|1.69|1.63|1.69|1.66|0.0||
ADIL|98|NASDAQ|2019|11|8|15|30|15900|1.64|1.53|1.62|1.64|0.0||
ADIL|99|NASDAQ|2019|11|7|15|30|1500|1.62|1.56|1.56|1.62|0.0||
ADIL|100|NASDAQ|2019|11|6|15|30|20600|1.61|1.52|1.6|1.55|0.0||
ADIL|101|NASDAQ|2019|11|5|15|30|16000|1.66|1.54|1.54|1.57|0.0||
ADIL|102|NASDAQ|2019|11|4|15|30|40300|1.66|1.53|1.66|1.54|0.0||
ADIL|103|NASDAQ|2019|11|1|14|30|13300|1.58|1.51|1.53|1.52|0.0||
ADIL|104|NASDAQ|2019|10|31|14|30|20400|1.58|1.5|1.55|1.5|0.0||
ADIL|105|NASDAQ|2019|10|30|14|30|11200|1.67|1.54|1.56|1.67|0.0||
ADIL|106|NASDAQ|2019|10|29|14|30|34700|1.64|1.54|1.55|1.6|0.0||
ADIL|107|NASDAQ|2019|10|28|14|30|47900|1.67|1.53|1.64|1.57|0.0||
ADIL|108|NASDAQ|2019|10|25|15|30|40400|1.56|1.51|1.53|1.55|0.0||
ADIL|109|NASDAQ|2019|10|24|15|30|18900|1.57|1.45|1.45|1.57|0.0||
ADIL|110|NASDAQ|2019|10|23|15|30|54400|1.58|1.44|1.56|1.5|0.0||
ADIL|111|NASDAQ|2019|10|22|15|30|17000|1.59|1.43|1.45|1.59|0.0||
ADIL|112|NASDAQ|2019|10|21|15|30|45800|1.64|1.51|1.58|1.64|0.0||
ADIL|113|NASDAQ|2019|10|18|15|30|46700|1.69|1.55|1.62|1.61|0.0||
ADIL|114|NASDAQ|2019|10|17|15|30|210900|1.85|1.45|1.6|1.59|0.0||
ADIL|115|NASDAQ|2019|10|16|15|30|174500|1.65|1.36|1.62|1.36|0.0||
ADIL|116|NASDAQ|2019|10|15|15|30|34000|1.43|1.34|1.43|1.43|0.0||
ADIL|117|NASDAQ|2019|10|14|15|30|7500|1.47|1.42|1.43|1.42|1.0||
ADIL|118|NASDAQ|2019|10|11|15|30|56800|1.49|1.39|1.43|1.47|0.0||
ADIL|119|NASDAQ|2019|10|10|15|30|6500|1.55|1.42|1.44|1.43|0.0||
ADIL|120|NASDAQ|2019|10|9|15|30|68100|1.57|1.4|1.46|1.5|0.0||
ADIL|121|NASDAQ|2019|10|8|15|30|17300|1.54|1.48|1.48|1.53|0.0||
ADIL|122|NASDAQ|2019|10|7|15|30|45100|1.63|1.45|1.52|1.47|||
ADIL|123|NASDAQ|2019|10|4|15|30|49400|1.6|1.42|1.47|1.6|||
ADIL|124|NASDAQ|2019|10|3|15|30|59000|1.68|1.45|1.56|1.46|||
ADIL|125|NASDAQ|2019|10|2|15|30|18400|1.55|1.45|1.45|1.53|||
ADXS|0|NASDAQ|2020|4|1|22|0|969251|0.55|0.52|0.5324|0.53|||
ADXS|1|NASDAQ|2020|3|31|15|30|784700|0.56|0.52|0.53|0.536|||
ADXS|2|NASDAQ|2020|3|30|15|30|862900|0.56|0.53|0.542|0.555|||
ADXS|3|NASDAQ|2020|3|27|14|30|839400|0.588|0.54|0.5589999999999999|0.588|||
ADXS|4|NASDAQ|2020|3|26|14|30|1519700|0.64|0.5720000000000001|0.59|0.6|||
ADXS|5|NASDAQ|2020|3|25|14|30|2063700|0.65|0.528|0.596|0.556|0.0||
ADXS|6|NASDAQ|2020|3|24|14|30|1808500|0.57|0.502|0.55|0.54|0.0||
ADXS|7|NASDAQ|2020|3|23|14|30|1418700|0.54|0.48|0.51|0.52|0.0||
ADXS|8|NASDAQ|2020|3|20|14|30|1365800|0.59|0.53|0.55|0.57|0.0||
ADXS|9|NASDAQ|2020|3|19|14|30|1110100|0.58|0.51|0.555|0.53|0.0||
ADXS|10|NASDAQ|2020|3|18|14|30|1430600|0.59|0.52|0.542|0.54|0.0||
ADXS|11|NASDAQ|2020|3|17|14|30|1483200|0.59|0.5|0.58|0.506|0.0||
ADXS|12|NASDAQ|2020|3|16|14|30|1685500|0.535|0.42|0.5|0.425|0.0||
ADXS|13|NASDAQ|2020|3|13|14|30|2279500|0.59|0.45|0.508|0.58|0.0||
ADXS|14|NASDAQ|2020|3|12|14|30|3068700|0.65|0.525|0.526|0.64|0.0||
ADXS|15|NASDAQ|2020|3|11|14|30|2064600|0.72|0.66|0.667|0.68|0.0||
ADXS|16|NASDAQ|2020|3|10|14|30|2482600|0.78|0.68|0.6890000000000001|0.754|0.0||
ADXS|17|NASDAQ|2020|3|9|14|30|2419400|0.74|0.7|0.733|0.74|0.0||
ADXS|18|NASDAQ|2020|3|6|15|30|3201100|0.82|0.75|0.7959999999999999|0.8|0.0||
ADXS|19|NASDAQ|2020|3|5|15|30|2008600|0.865|0.81|0.831|0.857|0.0||
ADXS|20|NASDAQ|2020|3|4|15|30|2712900|0.889|0.82|0.86|0.82|0.0||
ADXS|21|NASDAQ|2020|3|3|15|30|2453100|0.9|0.802|0.831|0.9|0.0||
ADXS|22|NASDAQ|2020|3|2|15|30|3145000|0.906|0.77|0.89|0.8|0.0||
ADXS|23|NASDAQ|2020|2|28|15|30|6661700|0.84|0.6609999999999999|0.81|0.67|0.0||
ADXS|24|NASDAQ|2020|2|27|15|30|7083000|0.865|0.75|0.774|0.86|0.0||
ADXS|25|NASDAQ|2020|2|26|15|30|3389000|0.914|0.835|0.895|0.835|0.0||
ADXS|26|NASDAQ|2020|2|25|15|30|3777400|0.94|0.8320000000000001|0.877|0.905|0.0||
ADXS|27|NASDAQ|2020|2|24|15|30|4490200|0.96|0.866|0.905|0.918|0.0||
ADXS|28|NASDAQ|2020|2|21|15|30|4660100|0.999|0.932|0.976|0.99|0.0||
ADXS|29|NASDAQ|2020|2|20|15|30|7933500|1.1|1.0|1.02|1.09|0.0||
ADXS|30|NASDAQ|2020|2|19|15|30|4824300|1.1|1.01|1.07|1.06|0.0||
ADXS|31|NASDAQ|2020|2|18|15|30|6432400|1.11|0.999|1.05|1.02|0.0||
ADXS|32|NASDAQ|2020|2|14|15|30|5993500|1.07|0.95|1.01|1.01|0.0||
ADXS|33|NASDAQ|2020|2|13|15|30|7972900|1.19|1.02|1.04|1.16|0.0||
ADXS|34|NASDAQ|2020|2|12|15|30|8690900|1.12|0.961|1.09|1.09|0.0||
ADXS|35|NASDAQ|2020|2|11|15|30|16700900|1.26|1.05|1.08|1.16|0.0||
ADXS|36|NASDAQ|2020|2|10|15|30|15991500|1.09|0.86|1.07|0.875|0.0||
ADXS|37|NASDAQ|2020|2|7|15|30|3817600|0.918|0.82|0.831|0.885|1.0||
ADXS|38|NASDAQ|2020|2|6|15|30|3424300|0.93|0.87|0.89|0.915|0.0||
ADXS|39|NASDAQ|2020|2|5|15|30|2912600|0.95|0.9|0.919|0.935|0.0||
ADXS|40|NASDAQ|2020|2|4|15|30|5372500|0.949|0.83|0.919|0.85|0.0||
ADXS|41|NASDAQ|2020|2|3|15|30|4361000|0.856|0.8029999999999999|0.852|0.85|0.0||
ADXS|42|NASDAQ|2020|1|31|15|30|8433100|0.98|0.821|0.86|0.89|0.0||
ADXS|43|NASDAQ|2020|1|30|15|30|20691800|0.95|0.6809999999999999|0.901|0.6809999999999999|0.0||
ADXS|44|NASDAQ|2020|1|29|15|30|7414900|0.82|0.65|0.675|0.8|1.0||
ADXS|45|NASDAQ|2020|1|28|15|30|3070400|0.83|0.77|0.795|0.81|0.0||
ADXS|46|NASDAQ|2020|1|27|15|30|5778400|0.857|0.76|0.8190000000000001|0.78|0.0||
ADXS|47|NASDAQ|2020|1|24|15|30|5793000|1.0|0.8|0.8909999999999999|1.0|0.0||
ADXS|48|NASDAQ|2020|1|23|15|30|5019800|1.052|0.851|0.97|1.05|0.0||
ADXS|49|NASDAQ|2020|1|22|15|30|4841000|1.08|1.04|1.045|1.06|0.0||
ADXS|50|NASDAQ|2020|1|21|15|30|10211500|1.091|1.01|1.04|1.05|0.0||
ADXS|51|NASDAQ|2020|1|17|15|30|3972800|1.35|1.2|1.21|1.29|0.0||
ADXS|52|NASDAQ|2020|1|16|15|30|5219400|1.29|1.19|1.28|1.23|0.0||
ADXS|53|NASDAQ|2020|1|15|15|30|2478200|1.17|1.09|1.17|1.12|0.0||
ADXS|54|NASDAQ|2020|1|14|15|30|4227700|1.21|1.06|1.15|1.2|0.0||
ADXS|55|NASDAQ|2020|1|13|15|30|4367000|1.3|1.2|1.22|1.25|0.0||
ADXS|56|NASDAQ|2020|1|10|15|30|6126100|1.27|1.13|1.21|1.18|0.0||
ADXS|57|NASDAQ|2020|1|9|15|30|4303300|1.24|1.12|1.16|1.19|0.0||
ADXS|58|NASDAQ|2020|1|8|15|30|8187000|1.32|1.15|1.23|1.24|0.0||
ADXS|59|NASDAQ|2020|1|7|15|30|39553300|1.48|1.22|1.3|1.46|0.0||
ADXS|60|NASDAQ|2020|1|6|15|30|5772300|1.17|1.01|1.07|1.14|1.0||
ADXS|61|NASDAQ|2020|1|3|15|30|9661200|1.22|1.01|1.12|1.05|0.0||
ADXS|62|NASDAQ|2020|1|2|15|30|16829500|1.18|0.902|1.09|0.91|0.0||
ADXS|63|NASDAQ|2019|12|31|15|30|7518300|0.889|0.72|0.858|0.79|1.0||
ADXS|64|NASDAQ|2019|12|30|15|30|9355300|0.93|0.75|0.77|0.857|1.0||
ADXS|65|NASDAQ|2019|12|27|15|30|10895600|0.87|0.7|0.82|0.715|0.0||
ADXS|66|NASDAQ|2019|12|26|15|30|4884500|0.745|0.68|0.695|0.687|1.0||
ADXS|67|NASDAQ|2019|12|24|15|30|3711500|0.69|0.59|0.66|0.595|1.0||
ADXS|68|NASDAQ|2019|12|23|15|30|1689600|0.6|0.564|0.599|0.595|1.0||
ADXS|69|NASDAQ|2019|12|20|15|30|3169000|0.619|0.555|0.597|0.619|1.0||
ADXS|70|NASDAQ|2019|12|19|15|30|2188200|0.59|0.55|0.581|0.58|1.0||
ADXS|71|NASDAQ|2019|12|18|15|30|4284100|0.64|0.551|0.588|0.64|0.0||
ADXS|72|NASDAQ|2019|12|17|15|30|2785000|0.6679999999999999|0.63|0.64|0.65|0.0||
ADXS|73|NASDAQ|2019|12|16|15|30|2767100|0.665|0.63|0.657|0.655|0.0||
ADXS|74|NASDAQ|2019|12|13|15|30|3863500|0.72|0.632|0.65|0.691|0.0||
ADXS|75|NASDAQ|2019|12|12|15|30|5438100|0.723|0.621|0.6629999999999999|0.65|0.0||
ADXS|76|NASDAQ|2019|12|11|15|30|7875900|0.6890000000000001|0.57|0.65|0.59|0.0||
ADXS|77|NASDAQ|2019|12|10|15|30|21437000|0.85|0.55|0.64|0.81|0.0||
ADXS|78|NASDAQ|2019|12|9|15|30|25139400|0.989|0.77|0.815|0.815|0.0||
ADXS|79|NASDAQ|2019|12|6|15|30|16884500|0.79|0.64|0.767|0.64|0.0||
ADXS|80|NASDAQ|2019|12|5|15|30|4126900|0.648|0.581|0.63|0.608|0.0||
ADXS|81|NASDAQ|2019|12|4|15|30|6226400|0.634|0.55|0.602|0.588|0.0||
ADXS|82|NASDAQ|2019|12|3|15|30|14258100|0.688|0.522|0.5770000000000001|0.61|1.0||
ADXS|83|NASDAQ|2019|12|2|15|30|20441300|0.65|0.5|0.63|0.51|0.0||
ADXS|84|NASDAQ|2019|11|29|15|30|7455500|0.515|0.435|0.514|0.436|1.0||
ADXS|85|NASDAQ|2019|11|27|15|30|3625100|0.443|0.397|0.435|0.408|1.0||
ADXS|86|NASDAQ|2019|11|26|15|30|4159000|0.43|0.4|0.41|0.4270000000000001|1.0||
ADXS|87|NASDAQ|2019|11|25|15|30|5373700|0.467|0.41|0.4320000000000001|0.443|0.0||
ADXS|88|NASDAQ|2019|11|22|15|30|10251100|0.467|0.39|0.442|0.4|0.0||
ADXS|89|NASDAQ|2019|11|21|15|30|5992400|0.41|0.35700000000000004|0.39|0.37|0.0||
ADXS|90|NASDAQ|2019|11|20|15|30|6291700|0.42|0.353|0.382|0.36|0.0||
ADXS|91|NASDAQ|2019|11|19|15|30|19086500|0.53|0.38|0.388|0.522|0.0||
ADXS|92|NASDAQ|2019|11|18|15|30|25661900|0.534|0.4|0.505|0.405|0.0||
ADXS|93|NASDAQ|2019|11|15|15|30|7292500|0.415|0.368|0.399|0.387|0.0||
ADXS|94|NASDAQ|2019|11|14|15|30|4256500|0.385|0.345|0.38|0.3670000000000001|0.0||
ADXS|95|NASDAQ|2019|11|13|15|30|5359700|0.375|0.316|0.361|0.33|0.0||
ADXS|96|NASDAQ|2019|11|12|15|30|2378800|0.34700000000000003|0.322|0.33|0.33|1.0||
ADXS|97|NASDAQ|2019|11|11|15|30|2541300|0.348|0.311|0.332|0.348|1.0||
ADXS|98|NASDAQ|2019|11|8|15|30|3707200|0.349|0.31|0.337|0.32|0.0||
ADXS|99|NASDAQ|2019|11|7|15|30|1566900|0.322|0.308|0.317|0.32|1.0||
ADXS|100|NASDAQ|2019|11|6|15|30|2103100|0.325|0.308|0.315|0.32|0.0||
ADXS|101|NASDAQ|2019|11|5|15|30|2843400|0.335|0.307|0.324|0.33|0.0||
ADXS|102|NASDAQ|2019|11|4|15|30|2254600|0.329|0.311|0.325|0.32299999999999995|0.0||
ADXS|103|NASDAQ|2019|11|1|14|30|3624700|0.339|0.303|0.322|0.322|0.0||
ADXS|104|NASDAQ|2019|10|31|14|30|3793800|0.32|0.278|0.317|0.279|0.0||
ADXS|105|NASDAQ|2019|10|30|14|30|3638600|0.298|0.263|0.279|0.275|1.0||
ADXS|106|NASDAQ|2019|10|29|14|30|2479900|0.297|0.278|0.28300000000000003|0.295|1.0||
ADXS|107|NASDAQ|2019|10|28|14|30|1899600|0.305|0.29100000000000004|0.295|0.3|0.0||
ADXS|108|NASDAQ|2019|10|25|15|30|3861400|0.309|0.282|0.302|0.3|0.0||
ADXS|109|NASDAQ|2019|10|24|15|30|3045000|0.34|0.306|0.31|0.325|0.0||
ADXS|110|NASDAQ|2019|10|23|15|30|1835200|0.345|0.313|0.328|0.334|0.0||
ADXS|111|NASDAQ|2019|10|22|15|30|2694200|0.35|0.326|0.335|0.35|0.0||
ADXS|112|NASDAQ|2019|10|21|15|30|4398100|0.37|0.336|0.35100000000000003|0.354|0.0||
ADXS|113|NASDAQ|2019|10|18|15|30|4162700|0.354|0.32|0.35|0.33|0.0||
ADXS|114|NASDAQ|2019|10|17|15|30|4914400|0.349|0.305|0.328|0.309|0.0||
ADXS|115|NASDAQ|2019|10|16|15|30|4570100|0.325|0.302|0.313|0.315|0.0||
ADXS|116|NASDAQ|2019|10|15|15|30|11203700|0.338|0.275|0.325|0.29|0.0||
ADXS|117|NASDAQ|2019|10|14|15|30|6776800|0.331|0.301|0.306|0.32|1.0||
ADXS|118|NASDAQ|2019|10|11|15|30|7624200|0.35700000000000004|0.312|0.336|0.34|0.0||
ADXS|119|NASDAQ|2019|10|10|15|30|16888300|0.405|0.325|0.337|0.39|0.0||
ADXS|120|NASDAQ|2019|10|9|15|30|26341300|0.444|0.395|0.405|0.41|0.0||
ADXS|121|NASDAQ|2019|10|8|15|30|18587100|0.404|0.34600000000000003|0.382|0.375|0.0||
ADXS|122|NASDAQ|2019|10|7|15|30|44180400|0.43|0.342|0.368|0.35700000000000004|||
ADXS|123|NASDAQ|2019|10|4|15|30|6009000|0.337|0.295|0.325|0.319|||
ADXS|124|NASDAQ|2019|10|3|15|30|18221500|0.35|0.28|0.331|0.29|||
ADXS|125|NASDAQ|2019|10|2|15|30|4086000|0.289|0.255|0.279|0.261|||
AEMD|0|NASDAQ|2020|4|1|22|0|226931|1.57|1.31|1.36|1.51|||
AEMD|1|NASDAQ|2020|3|31|15|30|190800|1.65|1.4|1.52|1.48|||
AEMD|2|NASDAQ|2020|3|30|15|30|263400|1.65|1.5|1.57|1.65|||
AEMD|3|NASDAQ|2020|3|27|14|30|368800|1.65|1.4|1.65|1.54|||
AEMD|4|NASDAQ|2020|3|26|14|30|297100|1.56|1.41|1.53|1.55|||
AEMD|5|NASDAQ|2020|3|25|14|30|401200|1.58|1.32|1.53|1.37|0.0||
AEMD|6|NASDAQ|2020|3|24|14|30|765700|1.62|1.2|1.35|1.51|1.0||
AEMD|7|NASDAQ|2020|3|23|14|30|199000|1.56|1.4|1.48|1.42|0.0||
AEMD|8|NASDAQ|2020|3|20|14|30|297300|1.75|1.46|1.5|1.6|0.0||
AEMD|9|NASDAQ|2020|3|19|14|30|504000|1.84|1.61|1.61|1.68|0.0||
AEMD|10|NASDAQ|2020|3|18|14|30|916600|1.89|1.41|1.64|1.44|0.0||
AEMD|11|NASDAQ|2020|3|17|14|30|486600|1.6|1.3|1.37|1.3|0.0||
AEMD|12|NASDAQ|2020|3|16|14|30|379200|1.4|1.19|1.23|1.3|1.0||
AEMD|13|NASDAQ|2020|3|13|14|30|606500|1.75|1.4|1.44|1.53|0.0||
AEMD|14|NASDAQ|2020|3|12|14|30|1049600|1.88|1.29|1.48|1.77|0.0||
AEMD|15|NASDAQ|2020|3|11|14|30|1269900|2.32|1.9|1.99|2.06|0.0||
AEMD|16|NASDAQ|2020|3|10|14|30|1592100|2.6|2.05|2.16|2.6|0.0||
AEMD|17|NASDAQ|2020|3|9|14|30|3260200|3.0|2.0|2.72|2.5|0.0||
AEMD|18|NASDAQ|2020|3|6|15|30|1676500|2.73|2.33|2.4|2.66|0.0||
AEMD|19|NASDAQ|2020|3|5|15|30|772300|2.29|2.15|2.23|2.16|0.0||
AEMD|20|NASDAQ|2020|3|4|15|30|605900|2.48|2.13|2.25|2.43|0.0||
AEMD|21|NASDAQ|2020|3|3|15|30|560300|2.63|2.35|2.36|2.42|0.0||
AEMD|22|NASDAQ|2020|3|2|15|30|758900|2.79|2.32|2.65|2.77|0.0||
AEMD|23|NASDAQ|2020|2|28|15|30|2891000|3.6|2.25|2.73|3.3|0.0||
AEMD|24|NASDAQ|2020|2|27|15|30|6080800|3.43|2.36|3.0|2.97|0.0||
AEMD|25|NASDAQ|2020|2|26|15|30|787100|1.98|1.81|1.89|1.97|1.0||
AEMD|26|NASDAQ|2020|2|25|15|30|1233500|2.3|1.8|2.02|2.18|0.0||
AEMD|27|NASDAQ|2020|2|24|15|30|1274200|2.51|1.81|2.45|2.25|0.0||
AEMD|28|NASDAQ|2020|2|21|15|30|0|2.58|2.58|2.58|2.58|0.0||
AEMD|29|NASDAQ|2020|2|20|15|30|0|2.58|2.58|2.58|2.58|0.0||
AEMD|30|NASDAQ|2020|2|19|15|30|0|2.58|2.58|2.58|2.58|0.0||
AEMD|31|NASDAQ|2020|2|18|15|30|0|2.58|2.58|2.58|2.58|0.0||
AEMD|32|NASDAQ|2020|2|14|15|30|0|2.58|2.58|2.58|2.58|0.0||
AEMD|33|NASDAQ|2020|2|13|15|30|0|2.58|2.58|2.58|2.58|0.0||
AEMD|34|NASDAQ|2020|2|12|15|30|0|2.58|2.58|2.58|2.58|0.0||
AEMD|35|NASDAQ|2020|2|11|15|30|0|2.58|2.58|2.58|2.58|0.0||
AEMD|36|NASDAQ|2020|2|10|15|30|0|2.58|2.58|2.58|2.58|0.0||
AEMD|37|NASDAQ|2020|2|7|15|30|19200|2.58|2.58|2.58|2.58|0.0||
AEMD|38|NASDAQ|2020|2|6|15|30|947000|2.78|2.54|2.58|2.61|0.0||
AEMD|39|NASDAQ|2020|2|5|15|30|1326000|2.8|2.57|2.61|2.63|0.0||
AEMD|40|NASDAQ|2020|2|4|15|30|3272600|3.2|2.5|2.78|3.2|0.0||
AEMD|41|NASDAQ|2020|2|3|15|30|3392700|4.25|3.39|3.47|4.0|0.0||
AEMD|42|NASDAQ|2020|1|31|15|30|5343000|4.34|3.81|4.34|4.07|0.0||
AEMD|43|NASDAQ|2020|1|30|15|30|6506700|4.25|3.5|3.7|3.72|0.0||
AEMD|44|NASDAQ|2020|1|29|15|30|4634400|3.7|3.1|3.39|3.38|0.0||
AEMD|45|NASDAQ|2020|1|28|15|30|5498200|3.95|2.8|2.99|3.8|0.0||
AEMD|46|NASDAQ|2020|1|27|15|30|14078100|4.07|2.51|3.97|2.7|0.0||
AEMD|47|NASDAQ|2020|1|24|15|30|1978000|2.6|2.17|2.4|2.58|1.0||
AEMD|48|NASDAQ|2020|1|23|15|30|1699600|2.64|2.32|2.58|2.6|0.0||
AEMD|49|NASDAQ|2020|1|22|15|30|5456700|2.78|2.44|2.64|2.6|0.0||
AEMD|50|NASDAQ|2020|1|21|15|30|7807500|2.9|2.12|2.31|2.14|1.0||
AEMD|51|NASDAQ|2020|1|17|15|30|4555600|2.1|1.86|2.06|1.99|1.0||
AEMD|52|NASDAQ|2020|1|16|15|30|12684300|3.4|1.79|2.76|1.79|0.0||
AEMD|53|NASDAQ|2020|1|15|15|30|462600|1.77|1.55|1.75|1.72|1.0||
AEMD|54|NASDAQ|2020|1|14|15|30|1949500|1.75|1.42|1.69|1.75|1.0||
AEMD|55|NASDAQ|2020|1|13|15|30|5193800|1.99|1.3|1.88|1.31|0.0||
AEMD|56|NASDAQ|2020|1|10|15|30|550300|1.27|1.16|1.24|1.25|1.0||
AEMD|57|NASDAQ|2020|1|9|15|30|612400|1.32|1.15|1.24|1.25|1.0||
AEMD|58|NASDAQ|2020|1|8|15|30|1937100|1.37|1.11|1.25|1.12|1.0||
AEMD|59|NASDAQ|2020|1|7|15|30|313400|1.18|1.09|1.15|1.11|1.0||
AEMD|60|NASDAQ|2020|1|6|15|30|588000|1.19|1.01|1.12|1.19|0.0||
AEMD|61|NASDAQ|2020|1|3|15|30|915500|1.2|1.07|1.15|1.15|0.0||
AEMD|62|NASDAQ|2020|1|2|15|30|3193000|1.3|0.96|1.25|0.97|0.0||
AEMD|63|NASDAQ|2019|12|31|15|30|478200|0.97|0.89|0.96|0.9|1.0||
AEMD|64|NASDAQ|2019|12|30|15|30|423200|0.94|0.86|0.94|0.94|1.0||
AEMD|65|NASDAQ|2019|12|27|15|30|749100|0.93|0.82|0.92|0.83|1.0||
AEMD|66|NASDAQ|2019|12|26|15|30|169300|0.86|0.81|0.84|0.86|1.0||
AEMD|67|NASDAQ|2019|12|24|15|30|113900|0.88|0.83|0.84|0.86|1.0||
AEMD|68|NASDAQ|2019|12|23|15|30|233800|0.88|0.81|0.86|0.86|0.0||
AEMD|69|NASDAQ|2019|12|20|15|30|622000|0.86|0.76|0.84|0.85|0.0||
AEMD|70|NASDAQ|2019|12|19|15|30|398700|0.89|0.83|0.85|0.89|0.0||
AEMD|71|NASDAQ|2019|12|18|15|30|412400|0.96|0.88|0.89|0.93|0.0||
AEMD|72|NASDAQ|2019|12|17|15|30|613900|1.0|0.88|0.89|1.0|0.0||
AEMD|73|NASDAQ|2019|12|16|15|30|810000|1.05|0.95|0.96|1.05|0.0||
AEMD|74|NASDAQ|2019|12|13|15|30|3341200|1.12|1.0|1.04|1.12|0.0||
AEMD|75|NASDAQ|2019|12|12|15|30|249400|2.47|1.83|1.99|2.47|0.0||
AEMD|76|NASDAQ|2019|12|11|15|30|244200|2.86|2.26|2.46|2.5|0.0||
AEMD|77|NASDAQ|2019|12|10|15|30|89900|3.03|2.57|2.96|2.71|0.0||
AEMD|78|NASDAQ|2019|12|9|15|30|35300|2.95|2.25|2.71|2.61|0.0||
AEMD|79|NASDAQ|2019|12|6|15|30|49400|3.04|2.45|2.63|2.7|0.0||
AEMD|80|NASDAQ|2019|12|5|15|30|71500|2.9|2.26|2.9|2.42|0.0||
AEMD|81|NASDAQ|2019|12|4|15|30|23000|2.55|2.25|2.42|2.33|0.0||
AEMD|82|NASDAQ|2019|12|3|15|30|24800|2.68|2.34|2.46|2.5|0.0||
AEMD|83|NASDAQ|2019|12|2|15|30|51500|2.95|2.32|2.42|2.95|0.0||
AEMD|84|NASDAQ|2019|11|29|15|30|30700|2.99|2.58|2.9|2.99|0.0||
AEMD|85|NASDAQ|2019|11|27|15|30|46400|2.59|2.1|2.58|2.19|0.0||
AEMD|86|NASDAQ|2019|11|26|15|30|34900|2.2|2.05|2.2|2.16|0.0||
AEMD|87|NASDAQ|2019|11|25|15|30|19800|2.49|2.16|2.26|2.49|0.0||
AEMD|88|NASDAQ|2019|11|22|15|30|21700|2.79|2.41|2.5|2.71|0.0||
AEMD|89|NASDAQ|2019|11|21|15|30|4100|3.25|2.7|2.83|3.25|0.0||
AEMD|90|NASDAQ|2019|11|20|15|30|30400|3.46|2.61|3.0|2.79|0.0||
AEMD|91|NASDAQ|2019|11|19|15|30|11200|2.9|2.63|2.66|2.84|0.0||
AEMD|92|NASDAQ|2019|11|18|15|30|8100|3.3|2.92|2.94|3.05|0.0||
AEMD|93|NASDAQ|2019|11|15|15|30|14100|3.29|3.11|3.18|3.27|0.0||
AEMD|94|NASDAQ|2019|11|14|15|30|6000|3.56|3.11|3.3|3.44|0.0||
AEMD|95|NASDAQ|2019|11|13|15|30|14200|3.78|3.1|3.42|3.43|0.0||
AEMD|96|NASDAQ|2019|11|12|15|30|4400|3.71|3.3|3.6|3.71|0.0||
AEMD|97|NASDAQ|2019|11|11|15|30|4400|3.78|3.32|3.35|3.49|0.0||
AEMD|98|NASDAQ|2019|11|8|15|30|8600|3.5|3.06|3.35|3.41|0.0||
AEMD|99|NASDAQ|2019|11|7|15|30|10700|3.66|3.4|3.4|3.6|0.0||
AEMD|100|NASDAQ|2019|11|6|15|30|6800|3.74|3.53|3.62|3.67|0.0||
AEMD|101|NASDAQ|2019|11|5|15|30|11900|3.91|3.42|3.7|3.65|0.0||
AEMD|102|NASDAQ|2019|11|4|15|30|32400|4.06|3.45|3.66|3.87|0.0||
AEMD|103|NASDAQ|2019|11|1|14|30|30000|4.45|3.9|4.05|4.45|0.0||
AEMD|104|NASDAQ|2019|10|31|14|30|7300|4.5|3.8|4.5|3.92|0.0||
AEMD|105|NASDAQ|2019|10|30|14|30|28500|4.07|3.35|4.0|3.92|0.0||
AEMD|106|NASDAQ|2019|10|29|14|30|59100|4.86|3.9|3.95|4.46|0.0||
AEMD|107|NASDAQ|2019|10|28|14|30|15900|4.78|4.5|4.67|4.5|0.0||
AEMD|108|NASDAQ|2019|10|25|15|30|13000|4.73|4.25|4.49|4.67|0.0||
AEMD|109|NASDAQ|2019|10|24|15|30|34700|4.48|3.66|4.34|3.91|0.0||
AEMD|110|NASDAQ|2019|10|23|15|30|10400|4.1|3.91|3.95|3.92|0.0||
AEMD|111|NASDAQ|2019|10|22|15|30|31400|4.69|3.8|3.95|4.6|0.0||
AEMD|112|NASDAQ|2019|10|21|15|30|18300|5.02|4.29|4.58|5.02|0.0||
AEMD|113|NASDAQ|2019|10|18|15|30|55800|5.09|4.47|4.85|4.55|0.0||
AEMD|114|NASDAQ|2019|10|17|15|30|35700|4.98|4.3|4.61|4.58|0.0||
AEMD|115|NASDAQ|2019|10|16|15|30|443200|6.89|4.11|4.99|4.11|0.0||
AEMD|116|NASDAQ|2019|10|15|15|30|76000|4.44|3.55|3.97|3.59|0.0||
AEMD|117|NASDAQ|2019|10|14|15|30|5800|4.2|3.45|4.05|4.2|1.0||
AEMD|118|NASDAQ|2019|10|11|15|30|5600|3.9|3.6|3.9|3.75|1.0||
AEMD|119|NASDAQ|2019|10|10|15|30|17800|3.9|3.6|3.9|3.75|1.0||
AEMD|120|NASDAQ|2019|10|9|15|30|16300|4.2|3.75|3.75|3.75|0.0||
AEMD|121|NASDAQ|2019|10|8|15|30|26300|4.65|3.45|4.05|4.65|0.0||
AEMD|122|NASDAQ|2019|10|7|15|30|154000|5.1|4.05|4.2|4.5|||
AEMD|123|NASDAQ|2019|10|4|15|30|62800|4.049998|3.5999980000000003|3.749998|3.5999980000000003|||
AEMD|124|NASDAQ|2019|10|3|15|30|36900|3.749998|3.5999980000000003|3.5999980000000003|3.5999980000000003|||
AEMD|125|NASDAQ|2019|10|2|15|30|58600|4.199998|3.4499980000000003|3.5999980000000003|3.749998|||
AESE|0|NASDAQ|2020|4|1|22|0|23712|1.68|1.5|1.54|1.6|||
AESE|1|NASDAQ|2020|3|31|15|30|29700|1.89|1.5019999999999998|1.57|1.73|||
AESE|2|NASDAQ|2020|3|30|15|30|12900|1.93|1.86|1.9|1.89|||
AESE|3|NASDAQ|2020|3|27|14|30|4500|1.96|1.76|1.95|1.94|||
AESE|4|NASDAQ|2020|3|26|14|30|36200|2.2|1.817|1.935|2.08|||
AESE|5|NASDAQ|2020|3|25|14|30|78700|2.13|1.643|1.99|1.82|0.0||
AESE|6|NASDAQ|2020|3|24|14|30|12300|1.81|1.6|1.73|1.6|0.0||
AESE|7|NASDAQ|2020|3|23|14|30|39400|2.14|1.48|1.6|2.14|1.0||
AESE|8|NASDAQ|2020|3|20|14|30|183500|2.339|1.3130000000000002|1.92|1.46|0.0||
AESE|9|NASDAQ|2020|3|19|14|30|400200|2.71|1.04|1.46|1.04|1.0||
AESE|10|NASDAQ|2020|3|18|14|30|18200|1.6|1.07|1.14|1.6|1.0||
AESE|11|NASDAQ|2020|3|17|14|30|48000|1.79|1.49|1.53|1.49|0.0||
AESE|12|NASDAQ|2020|3|16|14|30|33800|1.28|1.0|1.192|1.0|1.0||
AESE|13|NASDAQ|2020|3|13|14|30|31000|1.67|1.24|1.383|1.36|0.0||
AESE|14|NASDAQ|2020|3|12|14|30|35300|1.78|0.4|1.36|1.7|0.0||
AESE|15|NASDAQ|2020|3|11|14|30|32900|1.89|1.65|1.7|1.65|0.0||
AESE|16|NASDAQ|2020|3|10|14|30|42400|2.18|1.83|2.02|2.1|0.0||
AESE|17|NASDAQ|2020|3|9|14|30|22900|2.5|2.07|2.09|2.35|0.0||
AESE|18|NASDAQ|2020|3|6|15|30|65700|2.29|2.15|2.24|2.23|0.0||
AESE|19|NASDAQ|2020|3|5|15|30|7700|2.44|2.3040000000000003|2.3040000000000003|2.35|0.0||
AESE|20|NASDAQ|2020|3|4|15|30|9500|2.7|2.35|2.35|2.7|0.0||
AESE|21|NASDAQ|2020|3|3|15|30|12100|2.82|2.51|2.51|2.82|0.0||
AESE|22|NASDAQ|2020|3|2|15|30|32500|2.655|2.42|2.62|2.58|0.0||
AESE|23|NASDAQ|2020|2|28|15|30|30800|2.506|2.25|2.422|2.25|0.0||
AESE|24|NASDAQ|2020|2|27|15|30|49600|2.69|2.35|2.35|2.69|0.0||
AESE|25|NASDAQ|2020|2|26|15|30|27900|2.56|2.4|2.41|2.56|0.0||
AESE|26|NASDAQ|2020|2|25|15|30|27500|3.02|2.43|2.6|3.02|0.0||
AESE|27|NASDAQ|2020|2|24|15|30|26700|2.805|2.427|2.661|2.62|0.0||
AESE|28|NASDAQ|2020|2|21|15|30|31500|2.99|2.55|2.62|2.99|0.0||
AESE|29|NASDAQ|2020|2|20|15|30|72500|3.0|2.65|2.95|2.9|0.0||
AESE|30|NASDAQ|2020|2|19|15|30|43500|2.95|2.759|2.82|2.95|0.0||
AESE|31|NASDAQ|2020|2|18|15|30|64000|2.958|2.68|2.72|2.68|0.0||
AESE|32|NASDAQ|2020|2|14|15|30|28200|2.68|2.49|2.61|2.65|0.0||
AESE|33|NASDAQ|2020|2|13|15|30|60200|2.65|2.31|2.65|2.32|0.0||
AESE|34|NASDAQ|2020|2|12|15|30|58900|2.52|2.22|2.4|2.23|1.0||
AESE|35|NASDAQ|2020|2|11|15|30|77000|2.54|2.19|2.24|2.33|1.0||
AESE|36|NASDAQ|2020|2|10|15|30|125600|2.64|2.1|2.169|2.64|1.0||
AESE|37|NASDAQ|2020|2|7|15|30|43600|2.69|2.26|2.47|2.51|0.0||
AESE|38|NASDAQ|2020|2|6|15|30|25500|2.41|2.15|2.41|2.18|0.0||
AESE|39|NASDAQ|2020|2|5|15|30|97500|2.4730000000000003|2.11|2.29|2.3|0.0||
AESE|40|NASDAQ|2020|2|4|15|30|49200|2.4|2.25|2.3|2.4|0.0||
AESE|41|NASDAQ|2020|2|3|15|30|21000|2.56|2.32|2.34|2.56|0.0||
AESE|42|NASDAQ|2020|1|31|15|30|23500|2.588|2.376|2.588|2.41|0.0||
AESE|43|NASDAQ|2020|1|30|15|30|72300|2.88|2.26|2.6|2.88|0.0||
AESE|44|NASDAQ|2020|1|29|15|30|181300|2.94|2.45|2.48|2.94|0.0||
AESE|45|NASDAQ|2020|1|28|15|30|34300|3.19|3.0|3.011|3.0|0.0||
AESE|46|NASDAQ|2020|1|27|15|30|23200|3.36|2.908|3.0|3.2|0.0||
AESE|47|NASDAQ|2020|1|24|15|30|27500|3.52|3.0460000000000003|3.1|3.1|0.0||
AESE|48|NASDAQ|2020|1|23|15|30|45300|3.15|2.995|3.1|3.01|0.0||
AESE|49|NASDAQ|2020|1|22|15|30|59300|3.24|3.03|3.07|3.24|0.0||
AESE|50|NASDAQ|2020|1|21|15|30|242000|3.9|3.0|3.14|3.3|0.0||
AESE|51|NASDAQ|2020|1|17|15|30|37900|3.24|3.03|3.15|3.19|0.0||
AESE|52|NASDAQ|2020|1|16|15|30|182700|3.389|2.91|3.0|3.31|0.0||
AESE|53|NASDAQ|2020|1|15|15|30|768700|3.5|2.75|3.31|2.83|0.0||
AESE|54|NASDAQ|2020|1|14|15|30|105300|2.59|2.4|2.5|2.48|1.0||
AESE|55|NASDAQ|2020|1|13|15|30|19100|2.45|2.27|2.42|2.44|1.0||
AESE|56|NASDAQ|2020|1|10|15|30|70300|2.67|2.25|2.3|2.67|1.0||
AESE|57|NASDAQ|2020|1|9|15|30|39900|2.74|2.36|2.51|2.36|0.0||
AESE|58|NASDAQ|2020|1|8|15|30|49200|2.74|2.34|2.47|2.74|0.0||
AESE|59|NASDAQ|2020|1|7|15|30|5200|2.55|2.51|2.519|2.55|0.0||
AESE|60|NASDAQ|2020|1|6|15|30|7800|2.69|2.55|2.55|2.6260000000000003|0.0||
AESE|61|NASDAQ|2020|1|3|15|30|17200|2.78|2.47|2.59|2.47|0.0||
AESE|62|NASDAQ|2020|1|2|15|30|30400|2.8080000000000003|2.58|2.69|2.71|0.0||
AESE|63|NASDAQ|2019|12|31|15|30|77000|2.6|2.36|2.6|2.45|0.0||
AESE|64|NASDAQ|2019|12|30|15|30|62100|2.8|2.42|2.5|2.67|0.0||
AESE|65|NASDAQ|2019|12|27|15|30|38300|2.62|2.49|2.585|2.49|0.0||
AESE|66|NASDAQ|2019|12|26|15|30|35300|2.81|2.5|2.5|2.8|0.0||
AESE|67|NASDAQ|2019|12|24|15|30|14100|2.73|2.6|2.655|2.6|0.0||
AESE|68|NASDAQ|2019|12|23|15|30|46800|2.81|2.58|2.61|2.81|0.0||
AESE|69|NASDAQ|2019|12|20|15|30|104100|2.93|2.515|2.79|2.85|0.0||
AESE|70|NASDAQ|2019|12|19|15|30|37800|3.056|2.85|2.87|2.91|0.0||
AESE|71|NASDAQ|2019|12|18|15|30|27000|3.0|2.8|2.91|2.81|0.0||
AESE|72|NASDAQ|2019|12|17|15|30|92800|2.85|2.64|2.75|2.82|0.0||
AESE|73|NASDAQ|2019|12|16|15|30|55600|2.99|2.81|2.81|2.96|0.0||
AESE|74|NASDAQ|2019|12|13|15|30|45500|3.005|2.8110000000000004|2.97|2.99|0.0||
AESE|75|NASDAQ|2019|12|12|15|30|58600|3.255|2.83|2.91|2.87|0.0||
AESE|76|NASDAQ|2019|12|11|15|30|72500|3.15|2.75|2.8|3.0|0.0||
AESE|77|NASDAQ|2019|12|10|15|30|46400|3.06|2.85|2.86|3.0|0.0||
AESE|78|NASDAQ|2019|12|9|15|30|14700|3.0|2.78|2.8|2.8|0.0||
AESE|79|NASDAQ|2019|12|6|15|30|7900|2.97|2.81|2.84|2.97|0.0||
AESE|80|NASDAQ|2019|12|5|15|30|13600|2.9|2.66|2.83|2.85|0.0||
AESE|81|NASDAQ|2019|12|4|15|30|22000|2.88|2.52|2.82|2.52|0.0||
AESE|82|NASDAQ|2019|12|3|15|30|60400|2.624|2.45|2.51|2.6|0.0||
AESE|83|NASDAQ|2019|12|2|15|30|43400|2.8|2.49|2.55|2.64|0.0||
AESE|84|NASDAQ|2019|11|29|15|30|61300|2.87|2.44|2.45|2.86|1.0||
AESE|85|NASDAQ|2019|11|27|15|30|66000|3.139|2.78|2.8|3.02|0.0||
AESE|86|NASDAQ|2019|11|26|15|30|69300|3.467|2.95|2.985|3.46|0.0||
AESE|87|NASDAQ|2019|11|25|15|30|24600|3.85|3.4|3.42|3.82|0.0||
AESE|88|NASDAQ|2019|11|22|15|30|35100|4.08|3.71|3.85|3.91|0.0||
AESE|89|NASDAQ|2019|11|21|15|30|4700|4.34|3.8|4.09|3.8|0.0||
AESE|90|NASDAQ|2019|11|20|15|30|13300|4.09|3.82|3.86|3.89|0.0||
AESE|91|NASDAQ|2019|11|19|15|30|3400|3.97|3.79|3.9|3.96|0.0||
AESE|92|NASDAQ|2019|11|18|15|30|3300|4.04|3.86|3.86|4.04|0.0||
AESE|93|NASDAQ|2019|11|15|15|30|17600|4.35|3.87|3.98|4.21|0.0||
AESE|94|NASDAQ|2019|11|14|15|30|7800|4.35|4.23|4.3|4.23|0.0||
AESE|95|NASDAQ|2019|11|13|15|30|5100|4.34|3.978|4.33|4.25|0.0||
AESE|96|NASDAQ|2019|11|12|15|30|17000|4.45|4.25|4.31|4.337|0.0||
AESE|97|NASDAQ|2019|11|11|15|30|4700|4.58|4.425|4.425|4.5|0.0||
AESE|98|NASDAQ|2019|11|8|15|30|2300|4.35|4.24|4.33|4.24|0.0||
AESE|99|NASDAQ|2019|11|7|15|30|10700|4.478|4.19|4.19|4.44|0.0||
AESE|100|NASDAQ|2019|11|6|15|30|37700|4.5|3.93|4.2|4.485|0.0||
AESE|101|NASDAQ|2019|11|5|15|30|11700|4.3|3.844|4.3|3.91|0.0||
AESE|102|NASDAQ|2019|11|4|15|30|9600|4.04|3.8|4.0|4.04|0.0||
AESE|103|NASDAQ|2019|11|1|14|30|15100|3.87|3.64|3.86|3.64|0.0||
AESE|104|NASDAQ|2019|10|31|14|30|20600|4.04|3.52|3.6|3.99|1.0||
AESE|105|NASDAQ|2019|10|30|14|30|50200|4.46|3.87|3.97|4.385|0.0||
AESE|106|NASDAQ|2019|10|29|14|30|42100|5.03|4.363|4.42|4.497|0.0||
AESE|107|NASDAQ|2019|10|28|14|30|34100|4.9|4.61|4.68|4.79|0.0||
AESE|108|NASDAQ|2019|10|25|15|30|30100|4.976|4.65|4.73|4.82|0.0||
AESE|109|NASDAQ|2019|10|24|15|30|17900|4.79|4.51|4.63|4.51|0.0||
AESE|110|NASDAQ|2019|10|23|15|30|3100|4.85|4.45|4.61|4.85|0.0||
AESE|111|NASDAQ|2019|10|22|15|30|7800|4.89|4.44|4.59|4.49|0.0||
AESE|112|NASDAQ|2019|10|21|15|30|21200|4.689|4.41|4.46|4.42|0.0||
AESE|113|NASDAQ|2019|10|18|15|30|17500|4.84|4.41|4.41|4.64|0.0||
AESE|114|NASDAQ|2019|10|17|15|30|28600|4.84|4.5|4.66|4.5|0.0||
AESE|115|NASDAQ|2019|10|16|15|30|31300|4.75|4.18|4.5|4.63|0.0||
AESE|116|NASDAQ|2019|10|15|15|30|41000|4.93|4.45|4.56|4.739|0.0||
AESE|117|NASDAQ|2019|10|14|15|30|12300|4.9|4.58|4.69|4.9|0.0||
AESE|118|NASDAQ|2019|10|11|15|30|10700|4.93|4.58|4.78|4.9|0.0||
AESE|119|NASDAQ|2019|10|10|15|30|1700|4.94|4.79|4.79|4.79|0.0||
AESE|120|NASDAQ|2019|10|9|15|30|3900|5.0|4.815|4.93|4.95|0.0||
AESE|121|NASDAQ|2019|10|8|15|30|15500|5.0|4.8610000000000015|4.94|4.97|0.0||
AESE|122|NASDAQ|2019|10|7|15|30|6400|5.145|4.93|4.94|5.0|||
AESE|123|NASDAQ|2019|10|4|15|30|17100|5.07|4.92|5.01|4.98|||
AESE|124|NASDAQ|2019|10|3|15|30|9400|5.12|4.75|4.85|4.75|||
AESE|125|NASDAQ|2019|10|2|15|30|27600|5.15|4.8|4.81|4.8|||
AEY|0|NASDAQ|2020|4|1|22|0|56404|2.1219|2.0|2.07|2.09|||
AEY|1|NASDAQ|2020|3|31|15|30|52500|2.41|2.16|2.2|2.41|||
AEY|2|NASDAQ|2020|3|30|15|30|35900|2.53|2.25|2.43|2.48|||
AEY|3|NASDAQ|2020|3|27|14|30|62300|2.5|2.25|2.48|2.32|||
AEY|4|NASDAQ|2020|3|26|14|30|120100|2.6|2.28|2.44|2.28|||
AEY|5|NASDAQ|2020|3|25|14|30|179400|2.49|1.97|2.24|2.03|0.0||
AEY|6|NASDAQ|2020|3|24|14|30|82100|2.09|1.91|2.03|1.96|1.0||
AEY|7|NASDAQ|2020|3|23|14|30|68200|1.91|1.8|1.87|1.87|1.0||
AEY|8|NASDAQ|2020|3|20|14|30|78500|2.14|1.92|1.99|2.14|0.0||
AEY|9|NASDAQ|2020|3|19|14|30|93200|2.18|1.91|2.14|2.06|0.0||
AEY|10|NASDAQ|2020|3|18|14|30|205600|2.22|1.95|2.07|2.19|0.0||
AEY|11|NASDAQ|2020|3|17|14|30|122600|2.39|2.01|2.35|2.02|0.0||
AEY|12|NASDAQ|2020|3|16|14|30|149800|2.42|2.09|2.09|2.3|0.0||
AEY|13|NASDAQ|2020|3|13|14|30|188500|2.79|2.3|2.43|2.45|0.0||
AEY|14|NASDAQ|2020|3|12|14|30|223300|2.5|2.2|2.31|2.5|0.0||
AEY|15|NASDAQ|2020|3|11|14|30|198500|2.85|2.6|2.61|2.8|0.0||
AEY|16|NASDAQ|2020|3|10|14|30|315800|2.96|2.7|2.85|2.8|0.0||
AEY|17|NASDAQ|2020|3|9|14|30|321200|3.0|2.5|2.7|2.84|0.0||
AEY|18|NASDAQ|2020|3|6|15|30|214100|3.27|3.05|3.08|3.09|0.0||
AEY|19|NASDAQ|2020|3|5|15|30|386000|3.65|3.18|3.27|3.6|0.0||
AEY|20|NASDAQ|2020|3|4|15|30|382100|4.04|3.6|3.69|4.0|0.0||
AEY|21|NASDAQ|2020|3|3|15|30|455200|4.35|3.8|4.0|4.3|0.0||
AEY|22|NASDAQ|2020|3|2|15|30|448100|4.75|4.12|4.24|4.71|0.0||
AEY|23|NASDAQ|2020|2|28|15|30|760200|4.54|3.55|4.5|4.0|0.0||
AEY|24|NASDAQ|2020|2|27|15|30|979700|5.34|4.2|4.35|5.34|0.0||
AEY|25|NASDAQ|2020|2|26|15|30|1541200|5.88|4.58|5.55|4.59|0.0||
AEY|26|NASDAQ|2020|2|25|15|30|3859300|6.49|3.86|4.51|5.52|0.0||
AEY|27|NASDAQ|2020|2|24|15|30|1799400|5.35|3.85|5.31|4.0|0.0||
AEY|28|NASDAQ|2020|2|21|15|30|1011000|4.5|3.8|4.25|4.41|0.0||
AEY|29|NASDAQ|2020|2|20|15|30|1778800|4.5|3.65|4.36|3.69|0.0||
AEY|30|NASDAQ|2020|2|19|15|30|782500|3.65|3.26|3.64|3.3|1.0||
AEY|31|NASDAQ|2020|2|18|15|30|873400|3.26|2.91|3.22|2.99|1.0||
AEY|32|NASDAQ|2020|2|14|15|30|690200|2.99|2.8|2.9|2.97|1.0||
AEY|33|NASDAQ|2020|2|13|15|30|1214000|3.38|3.14|3.21|3.28|0.0||
AEY|34|NASDAQ|2020|2|12|15|30|884000|3.19|2.91|3.11|2.95|0.0||
AEY|35|NASDAQ|2020|2|11|15|30|68400|3.01|2.8|2.81|3.01|1.0||
AEY|36|NASDAQ|2020|2|10|15|30|145400|3.0|2.93|2.95|2.94|0.0||
AEY|37|NASDAQ|2020|2|7|15|30|186100|3.0|2.83|2.91|2.92|0.0||
AEY|38|NASDAQ|2020|2|6|15|30|322000|2.91|2.63|2.9|2.63|0.0||
AEY|39|NASDAQ|2020|2|5|15|30|187900|2.78|2.51|2.65|2.58|0.0||
AEY|40|NASDAQ|2020|2|4|15|30|159300|2.59|2.31|2.58|2.32|1.0||
AEY|41|NASDAQ|2020|2|3|15|30|26700|2.31|2.28|2.3|2.3|1.0||
AEY|42|NASDAQ|2020|1|31|15|30|79600|2.28|2.19|2.26|2.19|1.0||
AEY|43|NASDAQ|2020|1|30|15|30|26600|2.19|2.16|2.19|2.16|1.0||
AEY|44|NASDAQ|2020|1|29|15|30|18800|2.18|2.11|2.11|2.18|1.0||
AEY|45|NASDAQ|2020|1|28|15|30|2500|2.18|2.07|2.18|2.07|0.0||
AEY|46|NASDAQ|2020|1|27|15|30|5000|2.15|2.09|2.1|2.09|0.0||
AEY|47|NASDAQ|2020|1|24|15|30|45400|2.27|2.11|2.11|2.24|0.0||
AEY|48|NASDAQ|2020|1|23|15|30|28800|2.25|2.16|2.24|2.18|0.0||
AEY|49|NASDAQ|2020|1|22|15|30|9200|2.19|2.15|2.18|2.18|0.0||
AEY|50|NASDAQ|2020|1|21|15|30|7400|2.18|2.1|2.18|2.11|0.0||
AEY|51|NASDAQ|2020|1|17|15|30|17600|2.2|2.11|2.11|2.19|0.0||
AEY|52|NASDAQ|2020|1|16|15|30|27300|2.19|2.02|2.19|2.06|0.0||
AEY|53|NASDAQ|2020|1|15|15|30|61200|2.2|2.02|2.14|2.02|0.0||
AEY|54|NASDAQ|2020|1|14|15|30|81100|2.26|1.94|2.01|2.22|0.0||
AEY|55|NASDAQ|2020|1|13|15|30|60700|2.32|2.23|2.25|2.31|0.0||
AEY|56|NASDAQ|2020|1|10|15|30|20900|2.36|2.2|2.35|2.29|0.0||
AEY|57|NASDAQ|2020|1|9|15|30|113200|2.4|2.2|2.28|2.4|0.0||
AEY|58|NASDAQ|2020|1|8|15|30|8100|2.4|2.38|2.39|2.4|0.0||
AEY|59|NASDAQ|2020|1|7|15|30|11000|2.41|2.37|2.4|2.41|0.0||
AEY|60|NASDAQ|2020|1|6|15|30|15000|2.5|2.35|2.38|2.45|0.0||
AEY|61|NASDAQ|2020|1|3|15|30|27100|2.52|2.35|2.43|2.52|0.0||
AEY|62|NASDAQ|2020|1|2|15|30|46600|2.49|2.37|2.4|2.49|0.0||
AEY|63|NASDAQ|2019|12|31|15|30|29600|2.57|2.46|2.46|2.5|0.0||
AEY|64|NASDAQ|2019|12|30|15|30|16400|2.54|2.36|2.46|2.36|0.0||
AEY|65|NASDAQ|2019|12|27|15|30|64600|2.58|2.35|2.35|2.45|0.0||
AEY|66|NASDAQ|2019|12|26|15|30|71100|2.46|2.34|2.46|2.34|0.0||
AEY|67|NASDAQ|2019|12|24|15|30|58600|2.37|2.28|2.34|2.3|0.0||
AEY|68|NASDAQ|2019|12|23|15|30|71400|2.38|2.24|2.28|2.38|0.0||
AEY|69|NASDAQ|2019|12|20|15|30|59300|2.4|2.36|2.38|2.39|0.0||
AEY|70|NASDAQ|2019|12|19|15|30|77100|2.51|2.35|2.41|2.46|0.0||
AEY|71|NASDAQ|2019|12|18|15|30|251700|2.58|2.2|2.48|2.46|0.0||
AEY|72|NASDAQ|2019|12|17|15|30|148400|2.85|2.71|2.72|2.76|0.0||
AEY|73|NASDAQ|2019|12|16|15|30|65900|2.8|2.66|2.68|2.78|0.0||
AEY|74|NASDAQ|2019|12|13|15|30|38500|2.74|2.67|2.72|2.67|0.0||
AEY|75|NASDAQ|2019|12|12|15|30|68700|2.78|2.49|2.69|2.55|0.0||
AEY|76|NASDAQ|2019|12|11|15|30|34800|2.6|2.5|2.55|2.58|0.0||
AEY|77|NASDAQ|2019|12|10|15|30|26000|2.68|2.45|2.58|2.54|0.0||
AEY|78|NASDAQ|2019|12|9|15|30|79300|2.75|2.45|2.45|2.75|0.0||
AEY|79|NASDAQ|2019|12|6|15|30|151900|2.8|2.65|2.69|2.69|0.0||
AEY|80|NASDAQ|2019|12|5|15|30|68900|2.68|2.42|2.63|2.5|0.0||
AEY|81|NASDAQ|2019|12|4|15|30|53200|2.5|2.41|2.5|2.44|0.0||
AEY|82|NASDAQ|2019|12|3|15|30|74100|2.48|2.27|2.44|2.27|0.0||
AEY|83|NASDAQ|2019|12|2|15|30|23400|2.38|2.27|2.27|2.38|0.0||
AEY|84|NASDAQ|2019|11|29|15|30|5000|2.4|2.35|2.35|2.4|0.0||
AEY|85|NASDAQ|2019|11|27|15|30|6500|2.43|2.4|2.42|2.43|0.0||
AEY|86|NASDAQ|2019|11|26|15|30|125200|2.5|2.22|2.43|2.23|0.0||
AEY|87|NASDAQ|2019|11|25|15|30|11800|2.23|2.16|2.22|2.16|0.0||
AEY|88|NASDAQ|2019|11|22|15|30|16800|2.27|2.16|2.17|2.17|0.0||
AEY|89|NASDAQ|2019|11|21|15|30|6100|2.29|2.17|2.2|2.2|0.0||
AEY|90|NASDAQ|2019|11|20|15|30|26500|2.23|2.16|2.16|2.21|0.0||
AEY|91|NASDAQ|2019|11|19|15|30|37000|2.25|2.17|2.18|2.24|0.0||
AEY|92|NASDAQ|2019|11|18|15|30|17400|2.25|2.2|2.23|2.23|0.0||
AEY|93|NASDAQ|2019|11|15|15|30|19300|2.34|2.27|2.29|2.34|0.0||
AEY|94|NASDAQ|2019|11|14|15|30|20200|2.4|2.24|2.32|2.27|0.0||
AEY|95|NASDAQ|2019|11|13|15|30|67300|2.43|2.18|2.24|2.41|0.0||
AEY|96|NASDAQ|2019|11|12|15|30|32400|2.49|2.4|2.44|2.49|0.0||
AEY|97|NASDAQ|2019|11|11|15|30|34800|2.48|2.4|2.45|2.4|0.0||
AEY|98|NASDAQ|2019|11|8|15|30|41600|2.54|2.43|2.44|2.47|0.0||
AEY|99|NASDAQ|2019|11|7|15|30|48000|2.53|2.41|2.43|2.42|0.0||
AEY|100|NASDAQ|2019|11|6|15|30|60500|2.55|2.42|2.42|2.42|0.0||
AEY|101|NASDAQ|2019|11|5|15|30|56600|2.49|2.37|2.39|2.42|0.0||
AEY|102|NASDAQ|2019|11|4|15|30|110300|2.43|2.21|2.34|2.22|0.0||
AEY|103|NASDAQ|2019|11|1|14|30|38500|2.28|2.2|2.25|2.25|0.0||
AEY|104|NASDAQ|2019|10|31|14|30|232900|2.29|2.08|2.25|2.11|0.0||
AEY|105|NASDAQ|2019|10|30|14|30|41500|2.14|2.05|2.11|2.05|1.0||
AEY|106|NASDAQ|2019|10|29|14|30|8000|2.12|2.05|2.1|2.09|0.0||
AEY|107|NASDAQ|2019|10|28|14|30|7400|2.14|2.08|2.08|2.09|0.0||
AEY|108|NASDAQ|2019|10|25|15|30|17100|2.17|2.06|2.07|2.16|0.0||
AEY|109|NASDAQ|2019|10|24|15|30|31100|2.17|2.11|2.14|2.14|0.0||
AEY|110|NASDAQ|2019|10|23|15|30|23500|2.15|2.1|2.1|2.13|0.0||
AEY|111|NASDAQ|2019|10|22|15|30|30700|2.13|2.08|2.13|2.1|0.0||
AEY|112|NASDAQ|2019|10|21|15|30|108300|2.19|2.01|2.13|2.06|0.0||
AEY|113|NASDAQ|2019|10|18|15|30|79000|2.06|1.92|2.05|1.92|0.0||
AEY|114|NASDAQ|2019|10|17|15|30|13800|1.95|1.94|1.95|1.95|0.0||
AEY|115|NASDAQ|2019|10|16|15|30|12700|1.95|1.89|1.94|1.9|0.0||
AEY|116|NASDAQ|2019|10|15|15|30|9900|1.93|1.88|1.89|1.9|0.0||
AEY|117|NASDAQ|2019|10|14|15|30|8100|1.95|1.92|1.92|1.93|0.0||
AEY|118|NASDAQ|2019|10|11|15|30|2700|1.95|1.88|1.94|1.93|0.0||
AEY|119|NASDAQ|2019|10|10|15|30|6300|1.95|1.93|1.93|1.95|0.0||
AEY|120|NASDAQ|2019|10|9|15|30|20400|1.95|1.87|1.93|1.87|0.0||
AEY|121|NASDAQ|2019|10|8|15|30|10000|1.9|1.85|1.89|1.89|0.0||
AEY|122|NASDAQ|2019|10|7|15|30|4000|1.95|1.89|1.92|1.91|||
AEY|123|NASDAQ|2019|10|4|15|30|13200|1.94|1.9|1.93|1.9|||
AEY|124|NASDAQ|2019|10|3|15|30|22400|1.96|1.88|1.9|1.95|||
AEY|125|NASDAQ|2019|10|2|15|30|9700|1.99|1.92|1.92|1.97|||
AFH|0|NASDAQ|2020|4|1|21|52|45106|0.34|0.3273|0.3371|0.34|||
AFH|1|NASDAQ|2020|3|31|15|30|130300|0.39|0.32|0.34|0.38|||
AFH|2|NASDAQ|2020|3|30|15|30|107200|0.42|0.32|0.38|0.4|||
AFH|3|NASDAQ|2020|3|27|14|30|52100|0.45|0.36|0.4|0.43|||
AFH|4|NASDAQ|2020|3|26|14|30|59000|0.45|0.38|0.38|0.4|||
AFH|5|NASDAQ|2020|3|25|14|30|64800|0.4|0.34|0.39|0.35|0.0||
AFH|6|NASDAQ|2020|3|24|14|30|27300|0.37|0.31|0.36|0.31|0.0||
AFH|7|NASDAQ|2020|3|23|14|30|50600|0.36|0.33|0.35|0.36|1.0||
AFH|8|NASDAQ|2020|3|20|14|30|148300|0.4|0.31|0.37|0.34|0.0||
AFH|9|NASDAQ|2020|3|19|14|30|35800|0.4|0.31|0.35|0.32|0.0||
AFH|10|NASDAQ|2020|3|18|14|30|83500|0.35|0.31|0.31|0.35|1.0||
AFH|11|NASDAQ|2020|3|17|14|30|76400|0.4|0.31|0.37|0.31|0.0||
AFH|12|NASDAQ|2020|3|16|14|30|136200|0.4|0.33|0.36|0.4|0.0||
AFH|13|NASDAQ|2020|3|13|14|30|100500|0.5|0.4|0.43|0.48|0.0||
AFH|14|NASDAQ|2020|3|12|14|30|178100|0.55|0.45|0.46|0.49|0.0||
AFH|15|NASDAQ|2020|3|11|14|30|93200|0.54|0.48|0.48|0.49|0.0||
AFH|16|NASDAQ|2020|3|10|14|30|102100|0.54|0.45|0.48|0.52|0.0||
AFH|17|NASDAQ|2020|3|9|14|30|183500|0.55|0.45|0.52|0.54|0.0||
AFH|18|NASDAQ|2020|3|6|15|30|52700|0.59|0.55|0.55|0.56|0.0||
AFH|19|NASDAQ|2020|3|5|15|30|52600|0.6|0.55|0.55|0.57|0.0||
AFH|20|NASDAQ|2020|3|4|15|30|53400|0.57|0.52|0.56|0.55|0.0||
AFH|21|NASDAQ|2020|3|3|15|30|93000|0.6|0.53|0.57|0.53|0.0||
AFH|22|NASDAQ|2020|3|2|15|30|65700|0.59|0.5|0.53|0.56|0.0||
AFH|23|NASDAQ|2020|2|28|15|30|87400|0.6|0.51|0.56|0.56|0.0||
AFH|24|NASDAQ|2020|2|27|15|30|91000|0.62|0.5|0.53|0.56|0.0||
AFH|25|NASDAQ|2020|2|26|15|30|61500|0.63|0.56|0.59|0.63|0.0||
AFH|26|NASDAQ|2020|2|25|15|30|42700|0.62|0.62|0.62|0.62|0.0||
AFH|27|NASDAQ|2020|2|24|15|30|56300|0.64|0.56|0.61|0.63|0.0||
AFH|28|NASDAQ|2020|2|21|15|30|67600|0.68|0.61|0.65|0.66|0.0||
AFH|29|NASDAQ|2020|2|20|15|30|83900|0.7|0.61|0.69|0.65|0.0||
AFH|30|NASDAQ|2020|2|19|15|30|59700|0.65|0.6|0.65|0.62|0.0||
AFH|31|NASDAQ|2020|2|18|15|30|74300|0.65|0.58|0.62|0.58|0.0||
AFH|32|NASDAQ|2020|2|14|15|30|235100|0.66|0.58|0.61|0.66|0.0||
AFH|33|NASDAQ|2020|2|13|15|30|1139700|0.8|0.55|0.66|0.55|0.0||
AFH|34|NASDAQ|2020|2|12|15|30|127500|0.5|0.46|0.48|0.49|1.0||
AFH|35|NASDAQ|2020|2|11|15|30|34000|0.48|0.46|0.46|0.47|1.0||
AFH|36|NASDAQ|2020|2|10|15|30|64100|0.48|0.46|0.48|0.47|1.0||
AFH|37|NASDAQ|2020|2|7|15|30|126700|0.51|0.43|0.45|0.49|1.0||
AFH|38|NASDAQ|2020|2|6|15|30|256800|0.55|0.45|0.46|0.55|0.0||
AFH|39|NASDAQ|2020|2|5|15|30|29000|0.56|0.51|0.54|0.55|0.0||
AFH|40|NASDAQ|2020|2|4|15|30|58700|0.57|0.5|0.55|0.57|0.0||
AFH|41|NASDAQ|2020|2|3|15|30|89500|0.63|0.51|0.54|0.56|0.0||
AFH|42|NASDAQ|2020|1|31|15|30|33800|0.6|0.56|0.56|0.58|0.0||
AFH|43|NASDAQ|2020|1|30|15|30|113900|0.66|0.51|0.55|0.56|0.0||
AFH|44|NASDAQ|2020|1|29|15|30|90800|0.6|0.55|0.55|0.58|0.0||
AFH|45|NASDAQ|2020|1|28|15|30|95100|0.63|0.58|0.58|0.6|0.0||
AFH|46|NASDAQ|2020|1|27|15|30|156500|0.61|0.55|0.6|0.57|0.0||
AFH|47|NASDAQ|2020|1|24|15|30|458100|0.72|0.57|0.58|0.72|0.0||
AFH|48|NASDAQ|2020|1|23|15|30|2052100|0.87|0.66|0.72|0.83|0.0||
AFH|49|NASDAQ|2020|1|22|15|30|596700|0.63|0.59|0.59|0.59|0.0||
AFH|50|NASDAQ|2020|1|21|15|30|158600|0.68|0.6|0.63|0.6|0.0||
AFH|51|NASDAQ|2020|1|17|15|30|73200|0.63|0.59|0.6|0.61|0.0||
AFH|52|NASDAQ|2020|1|16|15|30|50100|0.62|0.58|0.61|0.62|0.0||
AFH|53|NASDAQ|2020|1|15|15|30|111400|0.63|0.55|0.61|0.59|0.0||
AFH|54|NASDAQ|2020|1|14|15|30|193300|0.67|0.55|0.62|0.64|0.0||
AFH|55|NASDAQ|2020|1|13|15|30|374700|0.73|0.6|0.66|0.6|0.0||
AFH|56|NASDAQ|2020|1|10|15|30|243800|0.64|0.54|0.58|0.54|0.0||
AFH|57|NASDAQ|2020|1|9|15|30|105000|0.55|0.53|0.53|0.53|1.0||
AFH|58|NASDAQ|2020|1|8|15|30|61900|0.53|0.5|0.53|0.5|1.0||
AFH|59|NASDAQ|2020|1|7|15|30|132100|0.53|0.45|0.5|0.53|1.0||
AFH|60|NASDAQ|2020|1|6|15|30|184200|0.53|0.45|0.51|0.45|1.0||
AFH|61|NASDAQ|2020|1|3|15|30|86000|0.47|0.44|0.46|0.44|1.0||
AFH|62|NASDAQ|2020|1|2|15|30|78600|0.45|0.43|0.45|0.43|1.0||
AFH|63|NASDAQ|2019|12|31|15|30|135400|0.46|0.42|0.43|0.44|1.0||
AFH|64|NASDAQ|2019|12|30|15|30|111900|0.44|0.42|0.44|0.42|1.0||
AFH|65|NASDAQ|2019|12|27|15|30|112400|0.47|0.42|0.43|0.44|0.0||
AFH|66|NASDAQ|2019|12|26|15|30|138700|0.48|0.4|0.42|0.4|0.0||
AFH|67|NASDAQ|2019|12|24|15|30|84400|0.41|0.38|0.38|0.4|1.0||
AFH|68|NASDAQ|2019|12|23|15|30|39400|0.42|0.39|0.4|0.4|0.0||
AFH|69|NASDAQ|2019|12|20|15|30|161600|0.46|0.35|0.39|0.44|0.0||
AFH|70|NASDAQ|2019|12|19|15|30|55800|0.44|0.4|0.4|0.41|0.0||
AFH|71|NASDAQ|2019|12|18|15|30|75200|0.43|0.38|0.4|0.41|0.0||
AFH|72|NASDAQ|2019|12|17|15|30|84000|0.43|0.41|0.41|0.42|0.0||
AFH|73|NASDAQ|2019|12|16|15|30|68300|0.5|0.42|0.42|0.47|0.0||
AFH|74|NASDAQ|2019|12|13|15|30|59000|0.5|0.45|0.46|0.5|0.0||
AFH|75|NASDAQ|2019|12|12|15|30|56400|0.49|0.42|0.47|0.44|0.0||
AFH|76|NASDAQ|2019|12|11|15|30|66200|0.51|0.43|0.45|0.47|0.0||
AFH|77|NASDAQ|2019|12|10|15|30|30200|0.54|0.48|0.48|0.48|0.0||
AFH|78|NASDAQ|2019|12|9|15|30|70800|0.53|0.47|0.48|0.51|0.0||
AFH|79|NASDAQ|2019|12|6|15|30|52200|0.55|0.49|0.51|0.51|0.0||
AFH|80|NASDAQ|2019|12|5|15|30|59900|0.55|0.48|0.53|0.52|0.0||
AFH|81|NASDAQ|2019|12|4|15|30|36600|0.57|0.53|0.54|0.57|0.0||
AFH|82|NASDAQ|2019|12|3|15|30|37600|0.57|0.54|0.57|0.57|0.0||
AFH|83|NASDAQ|2019|12|2|15|30|103500|0.59|0.52|0.56|0.55|0.0||
AFH|84|NASDAQ|2019|11|29|15|30|21100|0.55|0.51|0.54|0.55|0.0||
AFH|85|NASDAQ|2019|11|27|15|30|32200|0.55|0.48|0.53|0.53|0.0||
AFH|86|NASDAQ|2019|11|26|15|30|85700|0.53|0.48|0.52|0.53|0.0||
AFH|87|NASDAQ|2019|11|25|15|30|61100|0.53|0.47|0.5|0.5|0.0||
AFH|88|NASDAQ|2019|11|22|15|30|37100|0.55|0.51|0.52|0.51|0.0||
AFH|89|NASDAQ|2019|11|21|15|30|57900|0.56|0.5|0.54|0.54|0.0||
AFH|90|NASDAQ|2019|11|20|15|30|72400|0.56|0.53|0.53|0.54|0.0||
AFH|91|NASDAQ|2019|11|19|15|30|49900|0.56|0.55|0.55|0.56|0.0||
AFH|92|NASDAQ|2019|11|18|15|30|45500|0.57|0.55|0.55|0.57|0.0||
AFH|93|NASDAQ|2019|11|15|15|30|99200|0.58|0.54|0.56|0.55|0.0||
AFH|94|NASDAQ|2019|11|14|15|30|40000|0.57|0.54|0.55|0.54|0.0||
AFH|95|NASDAQ|2019|11|13|15|30|32400|0.58|0.54|0.55|0.58|0.0||
AFH|96|NASDAQ|2019|11|12|15|30|95100|0.6|0.53|0.55|0.57|0.0||
AFH|97|NASDAQ|2019|11|11|15|30|48400|0.63|0.53|0.58|0.59|0.0||
AFH|98|NASDAQ|2019|11|8|15|30|70200|0.64|0.57|0.58|0.6|0.0||
AFH|99|NASDAQ|2019|11|7|15|30|69000|0.65|0.59|0.65|0.59|0.0||
AFH|100|NASDAQ|2019|11|6|15|30|94900|0.69|0.58|0.6|0.69|0.0||
AFH|101|NASDAQ|2019|11|5|15|30|194100|0.66|0.62|0.66|0.63|0.0||
AFH|102|NASDAQ|2019|11|4|15|30|147600|0.62|0.57|0.61|0.59|0.0||
AFH|103|NASDAQ|2019|11|1|14|30|143200|0.6|0.57|0.58|0.59|0.0||
AFH|104|NASDAQ|2019|10|31|14|30|163100|0.6|0.55|0.56|0.55|0.0||
AFH|105|NASDAQ|2019|10|30|14|30|49300|0.55|0.51|0.53|0.53|1.0||
AFH|106|NASDAQ|2019|10|29|14|30|162900|0.61|0.51|0.53|0.6|1.0||
AFH|107|NASDAQ|2019|10|28|14|30|106100|0.62|0.57|0.59|0.62|0.0||
AFH|108|NASDAQ|2019|10|25|15|30|60700|0.62|0.55|0.6|0.56|0.0||
AFH|109|NASDAQ|2019|10|24|15|30|164200|0.64|0.55|0.58|0.62|0.0||
AFH|110|NASDAQ|2019|10|23|15|30|154900|0.74|0.62|0.64|0.74|0.0||
AFH|111|NASDAQ|2019|10|22|15|30|143200|0.74|0.65|0.71|0.71|0.0||
AFH|112|NASDAQ|2019|10|21|15|30|494400|0.75|0.63|0.7|0.7|0.0||
AFH|113|NASDAQ|2019|10|18|15|30|1107500|0.78|0.52|0.71|0.61|0.0||
AFH|114|NASDAQ|2019|10|17|15|30|1449700|0.7|0.48|0.62|0.48|0.0||
AFH|115|NASDAQ|2019|10|16|15|30|278500|0.54|0.43|0.48|0.43|1.0||
AFH|116|NASDAQ|2019|10|15|15|30|136300|0.47|0.4|0.45|0.46|1.0||
AFH|117|NASDAQ|2019|10|14|15|30|56100|0.46|0.41|0.44|0.46|1.0||
AFH|118|NASDAQ|2019|10|11|15|30|95300|0.47|0.41|0.43|0.41|1.0||
AFH|119|NASDAQ|2019|10|10|15|30|101500|0.43|0.39|0.41|0.42|1.0||
AFH|120|NASDAQ|2019|10|9|15|30|172800|0.42|0.36|0.4|0.37|0.0||
AFH|121|NASDAQ|2019|10|8|15|30|18600|0.41|0.37|0.39|0.41|0.0||
AFH|122|NASDAQ|2019|10|7|15|30|74100|0.41|0.34|0.39|0.34|||
AFH|123|NASDAQ|2019|10|4|15|30|116300|0.38|0.35|0.37|0.35|||
AFH|124|NASDAQ|2019|10|3|15|30|46600|0.37|0.33|0.33|0.37|||
AFH|125|NASDAQ|2019|10|2|15|30|51900|0.38|0.35|0.35|0.35|||
AGMH|0|NASDAQ|2020|4|1|22|0|2681|15.41|15.21|15.41|15.21|||
AGMH|1|NASDAQ|2020|3|31|15|30|2800|15.44|15.25|15.44|15.25|||
AGMH|2|NASDAQ|2020|3|30|15|30|3200|15.24|15.03|15.24|15.15|||
AGMH|3|NASDAQ|2020|3|27|14|30|3500|15.18|14.7|15.1|14.77|||
AGMH|4|NASDAQ|2020|3|26|14|30|2700|15.79|14.86|14.86|15.77|||
AGMH|5|NASDAQ|2020|3|25|14|30|3500|15.84|15.62|15.67|15.8|0.0||
AGMH|6|NASDAQ|2020|3|24|14|30|2500|15.56|14.85|15.56|14.92|0.0||
AGMH|7|NASDAQ|2020|3|23|14|30|2700|14.79|14.545|14.545|14.71|0.0||
AGMH|8|NASDAQ|2020|3|20|14|30|2900|14.8|14.322|14.7|14.8|0.0||
AGMH|9|NASDAQ|2020|3|19|14|30|3500|14.87|14.78|14.79|14.87|0.0||
AGMH|10|NASDAQ|2020|3|18|14|30|2700|14.92|14.77|14.92|14.82|0.0||
AGMH|11|NASDAQ|2020|3|17|14|30|2900|15.01|14.82|14.82|15.01|0.0||
AGMH|12|NASDAQ|2020|3|16|14|30|1800|15.1|14.97|14.97|15.1|0.0||
AGMH|13|NASDAQ|2020|3|13|14|30|2100|15.13|14.89|15.03|15.13|0.0||
AGMH|14|NASDAQ|2020|3|12|14|30|7000|15.64|14.8|14.8|15.55|0.0||
AGMH|15|NASDAQ|2020|3|11|14|30|2300|16.719998999999998|15.66|16.719998999999998|15.66|0.0||
AGMH|16|NASDAQ|2020|3|10|14|30|1300|15.75|15.54|15.75|15.54|0.0||
AGMH|17|NASDAQ|2020|3|9|14|30|3700|15.3|15.108|15.175999999999998|15.2|0.0||
AGMH|18|NASDAQ|2020|3|6|15|30|19900|15.58|14.49|15.25|15.2|0.0||
AGMH|19|NASDAQ|2020|3|5|15|30|2900|15.2|15.15|15.15|15.16|0.0||
AGMH|20|NASDAQ|2020|3|4|15|30|3700|15.25|15.156|15.25|15.24|0.0||
AGMH|21|NASDAQ|2020|3|3|15|30|3100|15.23|15.18|15.21|15.22|0.0||
AGMH|22|NASDAQ|2020|3|2|15|30|2000|15.32|15.22|15.22|15.32|0.0||
AGMH|23|NASDAQ|2020|2|28|15|30|2500|15.15|15.02|15.15|15.11|0.0||
AGMH|24|NASDAQ|2020|2|27|15|30|2700|15.23|15.18|15.18|15.21|0.0||
AGMH|25|NASDAQ|2020|2|26|15|30|2800|15.29|15.26|15.26|15.29|0.0||
AGMH|26|NASDAQ|2020|2|25|15|30|3800|15.33|15.26|15.26|15.31|0.0||
AGMH|27|NASDAQ|2020|2|24|15|30|2600|15.38|15.26|15.38|15.34|0.0||
AGMH|28|NASDAQ|2020|2|21|15|30|1500|15.45|15.31|15.4|15.45|0.0||
AGMH|29|NASDAQ|2020|2|20|15|30|900|15.66|15.335|15.335|15.66|0.0||
AGMH|30|NASDAQ|2020|2|19|15|30|2800|15.68|15.1|15.68|15.1|0.0||
AGMH|31|NASDAQ|2020|2|18|15|30|3500|15.17|14.629|15.12|15.17|0.0||
AGMH|32|NASDAQ|2020|2|14|15|30|3400|15.22|15.17|15.17|15.2|0.0||
AGMH|33|NASDAQ|2020|2|13|15|30|3000|15.26|15.15|15.2|15.24|0.0||
AGMH|34|NASDAQ|2020|2|12|15|30|3100|15.34|14.95|15.116|15.29|0.0||
AGMH|35|NASDAQ|2020|2|11|15|30|4300|15.41|15.25|15.31|15.25|0.0||
AGMH|36|NASDAQ|2020|2|10|15|30|4100|15.69|15.28|15.42|15.34|0.0||
AGMH|37|NASDAQ|2020|2|7|15|30|4400|15.58|15.29|15.507|15.33|0.0||
AGMH|38|NASDAQ|2020|2|6|15|30|5100|15.45|15.17|15.42|15.21|0.0||
AGMH|39|NASDAQ|2020|2|5|15|30|3700|15.38|15.24|15.24|15.37|0.0||
AGMH|40|NASDAQ|2020|2|4|15|30|3200|15.43|15.37|15.37|15.37|0.0||
AGMH|41|NASDAQ|2020|2|3|15|30|3400|15.71|15.26|15.488|15.36|0.0||
AGMH|42|NASDAQ|2020|1|31|15|30|800|15.35|14.677|15.35|15.33|0.0||
AGMH|43|NASDAQ|2020|1|30|15|30|200|15.32|15.26|15.26|15.32|0.0||
AGMH|44|NASDAQ|2020|1|29|15|30|2800|15.64|15.27|15.51|15.27|0.0||
AGMH|45|NASDAQ|2020|1|28|15|30|4200|15.57|15.177|15.57|15.25|0.0||
AGMH|46|NASDAQ|2020|1|27|15|30|3300|15.42|15.18|15.42|15.19|0.0||
AGMH|47|NASDAQ|2020|1|24|15|30|3200|15.39|15.146|15.39|15.27|0.0||
AGMH|48|NASDAQ|2020|1|23|15|30|1100|15.38|15.38|15.38|15.38|0.0||
AGMH|49|NASDAQ|2020|1|22|15|30|8600|15.84|14.9|15.78|15.16|0.0||
AGMH|50|NASDAQ|2020|1|21|15|30|4200|15.49|15.005|15.35|15.44|0.0||
AGMH|51|NASDAQ|2020|1|17|15|30|2900|15.457|14.86|15.457|14.93|0.0||
AGMH|52|NASDAQ|2020|1|16|15|30|4900|15.093|14.776|14.838|15.088|0.0||
AGMH|53|NASDAQ|2020|1|15|15|30|3100|15.44|14.78|15.44|15.05|0.0||
AGMH|54|NASDAQ|2020|1|14|15|30|600|15.35|15.23|15.23|15.35|0.0||
AGMH|55|NASDAQ|2020|1|13|15|30|2300|16.27|15.37|15.37|16.26|0.0||
AGMH|56|NASDAQ|2020|1|10|15|30|800|16.5|16.379998999999998|16.379998999999998|16.450001|0.0||
AGMH|57|NASDAQ|2020|1|9|15|30|8600|17.549999|16.01|16.4|16.860001|0.0||
AGMH|58|NASDAQ|2020|1|8|15|30|6800|17.040001|16.42|16.92|16.42|0.0||
AGMH|59|NASDAQ|2020|1|7|15|30|800|16.694000000000006|16.319000000000006|16.694000000000006|16.319000000000006|0.0||
AGMH|60|NASDAQ|2020|1|6|15|30|2700|16.83|16.155001000000002|16.266001|16.24|0.0||
AGMH|61|NASDAQ|2020|1|3|15|30|1900|16.5|16.139999|16.16|16.5|0.0||
AGMH|62|NASDAQ|2020|1|2|15|30|3100|17.549999|16.139999|16.139999|17.549999|0.0||
AGMH|63|NASDAQ|2019|12|31|15|30|2300|17.08|16.9|16.934998999999998|16.9|0.0||
AGMH|64|NASDAQ|2019|12|30|15|30|39500|16.940001000000002|14.607|16.278|15.179|0.0||
AGMH|65|NASDAQ|2019|12|27|15|30|1100|14.89|14.63|14.887|14.63|0.0||
AGMH|66|NASDAQ|2019|12|26|15|30|10000|15.51|14.68|14.84|14.97|0.0||
AGMH|67|NASDAQ|2019|12|24|15|30|13800|15.205|14.6|14.81|15.04|1.0||
AGMH|68|NASDAQ|2019|12|23|15|30|6900|15.98|15.15|15.15|15.21|0.0||
AGMH|69|NASDAQ|2019|12|20|15|30|8800|15.25|14.59|15.25|15.07|0.0||
AGMH|70|NASDAQ|2019|12|19|15|30|4800|15.67|14.635|15.313|15.67|0.0||
AGMH|71|NASDAQ|2019|12|18|15|30|6300|15.3|14.255|15.3|14.255|0.0||
AGMH|72|NASDAQ|2019|12|17|15|30|3900|15.61|13.95|15.01|15.55|0.0||
AGMH|73|NASDAQ|2019|12|16|15|30|16100|16.1|14.47|15.94|15.611|0.0||
AGMH|74|NASDAQ|2019|12|13|15|30|4500|16.912001|15.513|15.55|16.799999|0.0||
AGMH|75|NASDAQ|2019|12|12|15|30|8600|18.16|16.620001000000002|16.700001|17.76|0.0||
AGMH|76|NASDAQ|2019|12|11|15|30|3600|17.27|16.834|17.27|17.25|0.0||
AGMH|77|NASDAQ|2019|12|10|15|30|15000|17.681998999999994|15.884|17.049999|17.355|0.0||
AGMH|78|NASDAQ|2019|12|9|15|30|8700|19.299999|16.700001|18.0|19.299999|0.0||
AGMH|79|NASDAQ|2019|12|6|15|30|6500|19.6|18.9|18.9|19.6|0.0||
AGMH|80|NASDAQ|2019|12|5|15|30|200|18.700001|18.700001|18.700001|18.700001|0.0||
AGMH|81|NASDAQ|2019|12|4|15|30|3200|20.023001|18.700001|18.82|18.700001|0.0||
AGMH|82|NASDAQ|2019|12|3|15|30|60800|23.400999|18.299999|18.719999|21.360001|0.0||
AGMH|83|NASDAQ|2019|12|2|15|30|2500|21.934999|21.0|21.0|21.92|0.0||
AGMH|84|NASDAQ|2019|11|29|15|30|200|20.639999|20.639999|20.639999|20.639999|0.0||
AGMH|85|NASDAQ|2019|11|27|15|30|400|20.565001|20.565001|20.565001|20.565001|0.0||
AGMH|86|NASDAQ|2019|11|26|15|30|1600|20.9|20.059999|20.059999|20.559999|0.0||
AGMH|87|NASDAQ|2019|11|25|15|30|1400|20.540001|20.16|20.16|20.540001|0.0||
AGMH|88|NASDAQ|2019|11|22|15|30|2400|20.450001|19.83|19.9|20.42|0.0||
AGMH|89|NASDAQ|2019|11|21|15|30|6100|20.91|19.879999|19.879999|19.9|0.0||
AGMH|90|NASDAQ|2019|11|20|15|30|2000|20.545|18.1|20.16|18.1|0.0||
AGMH|91|NASDAQ|2019|11|19|15|30|22300|19.885|18.370001|19.389999|18.657|0.0||
AGMH|92|NASDAQ|2019|11|18|15|30|17400|19.1|17.91|18.66|17.91|0.0||
AGMH|93|NASDAQ|2019|11|15|15|30|6100|18.549999|17.98|18.1|17.98|0.0||
AGMH|94|NASDAQ|2019|11|14|15|30|4100|18.110001|17.879998999999994|17.93|18.110001|0.0||
AGMH|95|NASDAQ|2019|11|13|15|30|6600|19.0|18.1|18.1|18.200001|0.0||
AGMH|96|NASDAQ|2019|11|12|15|30|6500|21.0|17.879998999999994|18.252001|21.0|0.0||
AGMH|97|NASDAQ|2019|11|11|15|30|35400|24.49|18.299999|19.15|22.860001|0.0||
AGMH|98|NASDAQ|2019|11|8|15|30|1200|22.690001|22.07|22.690001|22.07|0.0||
AGMH|99|NASDAQ|2019|11|7|15|30|1100|22.290001|21.139999|22.290001|21.139999|0.0||
AGMH|100|NASDAQ|2019|11|6|15|30|300|20.82|20.709999|20.709999|20.82|0.0||
AGMH|101|NASDAQ|2019|11|5|15|30|300|20.75|20.719999|20.719999|20.719999|0.0||
AGMH|102|NASDAQ|2019|11|4|15|30|6400|21.5|20.15|20.450001|21.23|0.0||
AGMH|103|NASDAQ|2019|11|1|14|30|3700|21.573|20.66|20.66|21.0|0.0||
AGMH|104|NASDAQ|2019|10|31|14|30|300|20.48|20.48|20.48|20.48|0.0||
AGMH|105|NASDAQ|2019|10|30|14|30|3700|21.0|20.0|20.968000000000004|20.9|0.0||
AGMH|106|NASDAQ|2019|10|29|14|30|3600|21.5|20.700001|20.700001|21.5|0.0||
AGMH|107|NASDAQ|2019|10|28|14|30|3000|21.9|21.01|21.200001|21.9|0.0||
AGMH|108|NASDAQ|2019|10|25|15|30|6200|21.940001|20.950001|20.959999|20.99|0.0||
AGMH|109|NASDAQ|2019|10|24|15|30|3000|20.709999|19.790001|20.709999|19.83|0.0||
AGMH|110|NASDAQ|2019|10|23|15|30|100|19.75|19.75|19.75|19.75|0.0||
AGMH|111|NASDAQ|2019|10|22|15|30|2800|20.049999|19.0|19.700001|19.0|0.0||
AGMH|112|NASDAQ|2019|10|21|15|30|1800|19.200001|18.9|19.0|18.950001|0.0||
AGMH|113|NASDAQ|2019|10|18|15|30|5500|20.0|18.379999|18.379999|19.48|0.0||
AGMH|114|NASDAQ|2019|10|17|15|30|4100|19.900999|18.799999|19.530001|18.950001|0.0||
AGMH|115|NASDAQ|2019|10|16|15|30|3700|19.049999|18.5|18.700001|18.5|0.0||
AGMH|116|NASDAQ|2019|10|15|15|30|15000|18.5|15.86|17.959999|15.91|0.0||
AGMH|117|NASDAQ|2019|10|14|15|30|3300|15.9|15.55|15.87|15.9|1.0||
AGMH|118|NASDAQ|2019|10|11|15|30|300|16.049999|15.88|15.88|16.049999|1.0||
AGMH|119|NASDAQ|2019|10|10|15|30|300|16.09|16.09|16.09|16.09|1.0||
AGMH|120|NASDAQ|2019|10|9|15|30|100|16.09|16.09|16.09|16.09|0.0||
AGMH|121|NASDAQ|2019|10|8|15|30|0|16.120001000000002|16.120001000000002|16.120001000000002|16.120001000000002|0.0||
AGMH|122|NASDAQ|2019|10|7|15|30|1000|16.49|15.95|16.120001000000002|16.49|||
AGMH|123|NASDAQ|2019|10|4|15|30|100|16.190001000000002|16.190001000000002|16.190001000000002|16.190001000000002|||
AGMH|124|NASDAQ|2019|10|3|15|30|2000|16.35|15.875|16.190001000000002|16.35|||
AGMH|125|NASDAQ|2019|10|2|15|30|900|16.469998999999998|15.995|15.995|16.469998999999998|||
