empresa|antiguedad|mercado|anio|mes|dia|hora|minuto|volumen|high|low|close|open|PENDIENTE_SMA_4_PRECIO|PENDIENTE_1M_SMA_4_PRECIO|PENDIENTE_2M_SMA_4_PRECIO|RATIO_SMA_4_PRECIO|RATIO_MAXRELATIVO_4_PRECIO|RATIO_MINRELATIVO_4_PRECIO|RATIO_U_SMA_4_PRECIO|RATIO_U_MAXRELATIVO_4_PRECIO|RATIO_U_MINRELATIVO_4_PRECIO|CURTOSIS_4_PRECIO|SKEWNESS_4_PRECIO|PENDIENTE_SMA_4_VOLUMEN|PENDIENTE_1M_SMA_4_VOLUMEN|PENDIENTE_2M_SMA_4_VOLUMEN|RATIO_SMA_4_VOLUMEN|RATIO_MAXRELATIVO_4_VOLUMEN|RATIO_MINRELATIVO_4_VOLUMEN|RATIO_U_SMA_4_VOLUMEN|RATIO_U_MAXRELATIVO_4_VOLUMEN|RATIO_U_MINRELATIVO_4_VOLUMEN|CURTOSIS_4_VOLUMEN|SKEWNESS_4_VOLUMEN|PENDIENTE_SMA_7_PRECIO|PENDIENTE_1M_SMA_7_PRECIO|PENDIENTE_2M_SMA_7_PRECIO|RATIO_SMA_7_PRECIO|RATIO_MAXRELATIVO_7_PRECIO|RATIO_MINRELATIVO_7_PRECIO|RATIO_U_SMA_7_PRECIO|RATIO_U_MAXRELATIVO_7_PRECIO|RATIO_U_MINRELATIVO_7_PRECIO|CURTOSIS_7_PRECIO|SKEWNESS_7_PRECIO|PENDIENTE_SMA_7_VOLUMEN|PENDIENTE_1M_SMA_7_VOLUMEN|PENDIENTE_2M_SMA_7_VOLUMEN|RATIO_SMA_7_VOLUMEN|RATIO_MAXRELATIVO_7_VOLUMEN|RATIO_MINRELATIVO_7_VOLUMEN|RATIO_U_SMA_7_VOLUMEN|RATIO_U_MAXRELATIVO_7_VOLUMEN|RATIO_U_MINRELATIVO_7_VOLUMEN|CURTOSIS_7_VOLUMEN|SKEWNESS_7_VOLUMEN|PENDIENTE_SMA_20_PRECIO|PENDIENTE_1M_SMA_20_PRECIO|PENDIENTE_2M_SMA_20_PRECIO|RATIO_SMA_20_PRECIO|RATIO_MAXRELATIVO_20_PRECIO|RATIO_MINRELATIVO_20_PRECIO|RATIO_U_SMA_20_PRECIO|RATIO_U_MAXRELATIVO_20_PRECIO|RATIO_U_MINRELATIVO_20_PRECIO|CURTOSIS_20_PRECIO|SKEWNESS_20_PRECIO|PENDIENTE_SMA_20_VOLUMEN|PENDIENTE_1M_SMA_20_VOLUMEN|PENDIENTE_2M_SMA_20_VOLUMEN|RATIO_SMA_20_VOLUMEN|RATIO_MAXRELATIVO_20_VOLUMEN|RATIO_MINRELATIVO_20_VOLUMEN|RATIO_U_SMA_20_VOLUMEN|RATIO_U_MAXRELATIVO_20_VOLUMEN|RATIO_U_MINRELATIVO_20_VOLUMEN|CURTOSIS_20_VOLUMEN|SKEWNESS_20_VOLUMEN|PENDIENTE_SMA_50_PRECIO|PENDIENTE_1M_SMA_50_PRECIO|PENDIENTE_2M_SMA_50_PRECIO|RATIO_SMA_50_PRECIO|RATIO_MAXRELATIVO_50_PRECIO|RATIO_MINRELATIVO_50_PRECIO|RATIO_U_SMA_50_PRECIO|RATIO_U_MAXRELATIVO_50_PRECIO|RATIO_U_MINRELATIVO_50_PRECIO|CURTOSIS_50_PRECIO|SKEWNESS_50_PRECIO|PENDIENTE_SMA_50_VOLUMEN|PENDIENTE_1M_SMA_50_VOLUMEN|PENDIENTE_2M_SMA_50_VOLUMEN|RATIO_SMA_50_VOLUMEN|RATIO_MAXRELATIVO_50_VOLUMEN|RATIO_MINRELATIVO_50_VOLUMEN|RATIO_U_SMA_50_VOLUMEN|RATIO_U_MAXRELATIVO_50_VOLUMEN|RATIO_U_MINRELATIVO_50_VOLUMEN|CURTOSIS_50_VOLUMEN|SKEWNESS_50_VOLUMEN|TARGET|TARGET_PREDICHO|TARGET_PREDICHO_PROB
AAOI|0|NASDAQ|2020|3|27|14|30|1425900|8.04|6.32|7.48|6.76|0.7|-7.0|186.2|101.0|97.0|107.0|104.0|100.0|111.0|2.3|-1.2|-10.2|-34.3|1000000.0|154.0|100.0|288.0|91.0|59.0|170.0|1.4|0.5|-1.8|1.0|-295.2|105.0|97.0|114.0|92.0|85.0|100.0|-1.7|0.1|-4.0|-13.6|1000000.0|145.0|100.0|288.0|105.0|72.0|208.0|1.2|-0.2|1.0|-2.7|198.2|102.0|80.0|136.0|123.0|96.0|164.0|-1.1|0.2|-1.7|-5.2|-1000000.0|153.0|100.0|288.0|100.0|66.0|189.0|-0.4|-0.0|1.8|1.7|144.1|74.0|52.0|136.0|141.0|100.0|261.0|-1.2|-0.2|1.3|-2.0|1000000.0|157.0|61.0|288.0|256.0|100.0|471.0|6.6|1.9|||
AAOI|1|NASDAQ|2020|3|26|14|30|936900|7.747000000000001|6.94|6.96|7.52|-0.2|7.0|-616.0|96.0|90.0|101.0|95.0|90.0|100.0|-3.9|0.3|0.6|-47.1|1000000.0|116.0|98.0|189.0|119.0|100.0|194.0|2.8|-1.7|-3.0|-0.3|-322.0|102.0|90.0|127.0|81.0|71.0|100.0|1.7|-1.0|4.1|0.8|1000000.0|99.0|78.0|189.0|127.0|100.0|244.0|1.8|-1.1|1.4|-1.4|205.1|94.0|74.0|127.0|120.0|95.0|162.0|-1.3|0.1|2.9|0.6|1000000.0|100.0|63.0|189.0|159.0|100.0|299.0|-0.2|0.1|2.5|2.6|186.2|67.0|45.0|127.0|151.0|100.0|284.0|-1.0|-0.2|2.5|2.1|1000000.0|101.0|40.0|189.0|228.0|90.0|424.0|5.8|2.0|||
AAOI|2|NASDAQ|2020|3|25|14|30|495700|8.15|7.34|7.45|7.78|-2.4|3.4|-110.4|104.0|97.0|111.0|94.0|88.0|100.0|-4.0|0.2|34.1|70.0|1000000.0|57.0|42.0|100.0|135.0|100.0|236.0|1.0|-0.7|-2.9|-3.2|-175.2|111.0|97.0|135.0|89.0|77.0|108.0|-0.7|-0.3|21.6|45.5|1000000.0|50.0|40.0|100.0|126.0|100.0|251.0|1.4|-1.2|1.4|-2.6|197.1|99.0|78.0|135.0|126.0|100.0|174.0|-1.5|-0.0|5.4|12.8|1000000.0|53.0|33.0|100.0|109.0|69.0|207.0|-0.2|0.1|1.7|2.4|89.6|71.0|48.0|135.0|132.0|89.0|252.0|-1.0|-0.3|1.1|2.8|-1000000.0|54.0|21.0|100.0|85.0|33.0|157.0|5.8|2.0|||
AAOI|3|NASDAQ|2020|3|24|14|30|842800|7.7|7.05|7.7|7.33|-3.7|-10.4|-128.1|110.0|100.0|118.0|94.0|85.0|100.0|2.6|1.5|5.5|13.9|-1000000.0|84.0|72.0|100.0|103.0|88.0|122.0|0.3|0.3|-3.8|-5.0|-198.7|120.0|100.0|140.0|88.0|73.0|103.0|-0.5|0.4|-1.4|7.4|-1000000.0|82.0|68.0|110.0|74.0|61.0|100.0|-1.6|-0.3|1.6|-1.0|185.9|100.0|76.0|140.0|132.0|100.0|185.0|-1.5|-0.0|-0.8|1.2|-1000000.0|89.0|57.0|156.0|75.0|48.0|132.0|-0.1|0.2|1.5|2.4|87.6|73.0|49.0|140.0|128.0|87.0|246.0|-0.9|-0.3|-0.3|0.7|1000000.0|91.0|36.0|163.0|75.0|30.0|134.0|6.0|2.1|||
AAOI|4|NASDAQ|2020|3|23|14|30|959600|7.5|6.775|6.9|7.05|-5.1|-2.3|-687.7|107.0|100.0|125.0|86.0|80.0|100.0|3.0|-1.7|6.5|22.1|1000000.0|88.0|79.0|100.0|111.0|100.0|126.0|-3.9|-0.2|-1.6|-6.8|111.8|111.0|100.0|125.0|99.0|89.0|111.0|-1.8|0.0|0.5|8.6|-1000000.0|91.0|77.0|126.0|94.0|79.0|130.0|-0.2|-0.6|2.4|2.0|212.3|88.0|68.0|125.0|130.0|100.0|185.0|-1.5|-0.1|-1.5|-1.5|-1000000.0|102.0|65.0|178.0|71.0|45.0|123.0|-0.3|0.2|1.7|2.9|51.1|65.0|44.0|125.0|121.0|83.0|235.0|-0.8|-0.4|-0.2|-1.3|-1000000.0|104.0|41.0|185.0|92.0|37.0|165.0|6.0|2.1|||
AAOI|5|NASDAQ|2020|3|20|14|30|1171700|7.96|6.54|6.74|6.66|-2.9|-2.8|253.0|109.0|100.0|123.0|96.0|88.0|108.0|-2.6|-0.4|1.6|-12.2|1000000.0|101.0|94.0|114.0|107.0|100.0|121.0|2.2|-1.4|-2.2|-3.9|-55.6|112.0|100.0|123.0|94.0|84.0|103.0|-1.2|0.6|-1.3|2.1|-1000000.0|110.0|94.0|154.0|100.0|85.0|140.0|1.1|-1.0|2.9|1.6|175.3|84.0|64.0|123.0|132.0|100.0|192.0|-1.5|-0.1|-1.9|0.4|-1000000.0|126.0|79.0|217.0|78.0|49.0|134.0|-0.5|0.3|1.9|3.2|16.5|62.0|43.0|123.0|121.0|84.0|237.0|-0.7|-0.5|0.8|-0.6|1000000.0|125.0|50.0|226.0|174.0|70.0|315.0|4.7|1.9|0.0||
AAOI|6|NASDAQ|2020|3|19|14|30|1028700|6.6|5.4479999999999995|6.55|5.51|-3.5|-16.0|-190.7|111.0|100.0|119.0|95.0|86.0|103.0|0.5|1.1|-6.5|17.4|-1000000.0|97.0|83.0|135.0|72.0|61.0|100.0|0.0|-1.1|1.1|-4.6|263.2|108.0|93.0|119.0|116.0|100.0|128.0|0.0|1.0|-1.3|-8.6|1000000.0|100.0|83.0|135.0|90.0|75.0|122.0|0.0|-0.3|3.6|3.8|225.0|80.0|58.0|119.0|137.0|100.0|205.0|-1.3|-0.2|1.9|-2.5|1000000.0|109.0|69.0|190.0|151.0|96.0|263.0|-0.6|0.4|1.9|3.9|12.5|60.0|42.0|119.0|116.0|81.0|231.0|-0.5|-0.6|-1.0|-0.1|-1000000.0|111.0|44.0|199.0|56.0|22.0|100.0|4.8|1.9|0.0||
AAOI|7|NASDAQ|2020|3|18|14|30|1207400|5.81|5.0|5.5|5.56|2.8|8.4|265.1|95.0|90.0|100.0|105.0|100.0|111.0|-3.6|0.0|-4.5|3.2|1000000.0|115.0|97.0|158.0|94.0|79.0|130.0|-1.4|-0.8|6.8|3.7|409.4|87.0|68.0|100.0|129.0|100.0|148.0|1.4|1.5|-4.5|-6.0|-1000000.0|120.0|97.0|158.0|82.0|66.0|109.0|-1.3|0.1|5.7|7.2|254.3|65.0|47.0|100.0|139.0|100.0|215.0|-1.0|-0.2|-1.6|-6.0|1000000.0|129.0|81.0|223.0|89.0|56.0|153.0|-0.5|0.5|2.5|5.3|44.1|50.0|35.0|100.0|112.0|80.0|226.0|-0.3|-0.7|-1.5|-0.7|-1000000.0|132.0|52.0|365.0|36.0|14.0|100.0|4.5|1.8|1.0||
AAOI|8|NASDAQ|2020|3|17|14|30|1246500|6.14|5.51|5.96|5.8|-1.2|-5.4|-262.7|102.0|98.0|106.0|97.0|93.0|101.0|-3.8|0.3|-3.6|-38.8|1000000.0|123.0|100.0|163.0|105.0|85.0|140.0|0.9|-0.3|4.2|-1.6|386.2|90.0|73.0|106.0|117.0|95.0|137.0|-1.6|0.6|-0.4|-4.8|1000000.0|124.0|100.0|163.0|121.0|97.0|159.0|-1.3|0.1|5.1|6.4|279.9|68.0|49.0|106.0|137.0|100.0|214.0|-0.8|-0.2|-1.1|-6.3|1000000.0|135.0|84.0|231.0|106.0|66.0|181.0|-0.1|0.7|2.1|3.9|40.0|53.0|38.0|106.0|109.0|78.0|215.0|-0.1|-0.7|-1.4|-2.0|-1000000.0|139.0|53.0|377.0|40.0|15.0|109.0|4.5|1.8|0.0||
AAOI|9|NASDAQ|2020|3|16|14|30|763000|6.16|5.36|5.64|5.53|6.2|8.3|772.5|92.0|80.0|100.0|115.0|100.0|125.0|1.6|1.4|5.6|29.8|-1000000.0|81.0|72.0|100.0|100.0|88.0|122.0|1.2|-1.0|8.0|8.3|410.7|80.0|64.0|100.0|125.0|100.0|156.0|-1.7|0.2|0.7|7.5|-1000000.0|81.0|63.0|100.0|85.0|66.0|105.0|-0.4|0.7|5.4|7.4|272.9|62.0|47.0|100.0|129.0|97.0|208.0|-0.6|-0.3|-0.7|-0.9|-1000000.0|86.0|51.0|141.0|73.0|44.0|121.0|0.5|0.9|2.3|4.2|39.9|50.0|36.0|100.0|107.0|78.0|215.0|0.1|-0.8|-0.7|-1.1|-1000000.0|87.0|33.0|231.0|57.0|21.0|151.0|4.7|1.9|1.0||
AAOI|10|NASDAQ|2020|3|13|14|30|990700|6.23|5.61|6.11|6.2|8.2|-7.0|760.3|91.0|75.0|108.0|121.0|100.0|143.0|-1.2|0.7|-4.1|7.5|-1000000.0|104.0|93.0|120.0|87.0|78.0|100.0|0.1|-0.4|6.9|11.0|249.0|81.0|68.0|108.0|121.0|100.0|159.0|-1.4|-0.3|-6.2|-5.4|-1000000.0|108.0|82.0|177.0|61.0|46.0|100.0|0.5|-0.4|4.7|5.3|294.7|65.0|51.0|108.0|126.0|99.0|210.0|-0.4|-0.4|0.1|-0.6|-1000000.0|110.0|67.0|183.0|111.0|68.0|186.0|0.3|0.8|2.1|3.5|44.4|53.0|39.0|108.0|109.0|80.0|220.0|0.3|-0.7|-0.2|-1.7|1000000.0|112.0|42.0|300.0|100.0|38.0|268.0|4.7|1.9|0.0||
AAOI|11|NASDAQ|2020|3|12|14|30|1065200|6.5|5.665|5.68|6.31|9.0|23.9|-324.8|80.0|70.0|100.0|108.0|95.0|136.0|0.7|-1.1|3.5|-12.3|1000000.0|105.0|88.0|129.0|120.0|100.0|147.0|-1.2|0.3|9.3|12.0|427.2|71.0|61.0|100.0|118.0|100.0|165.0|0.3|-0.9|-7.0|4.7|-1000000.0|125.0|88.0|197.0|64.0|44.0|100.0|-0.9|0.1|6.2|6.4|338.8|58.0|45.0|100.0|131.0|100.0|224.0|-0.2|-0.3|-0.3|4.4|-1000000.0|118.0|72.0|197.0|111.0|68.0|185.0|0.3|0.8|2.2|4.3|-12.6|49.0|36.0|100.0|103.0|76.0|209.0|0.4|-0.7|-0.9|-1.6|-1000000.0|122.0|46.0|322.0|64.0|24.0|169.0|4.7|1.9|0.0||
AAOI|12|NASDAQ|2020|3|11|14|30|933700|8.04|6.99|7.04|7.83|6.2|15.3|826.0|89.0|80.0|100.0|111.0|100.0|125.0|0.1|-0.0|-3.6|-11.2|-1000000.0|99.0|77.0|117.0|85.0|66.0|100.0|2.0|1.5|4.8|8.3|178.7|83.0|75.0|100.0|111.0|100.0|134.0|-0.9|-0.7|-3.5|-4.7|-1000000.0|117.0|77.0|173.0|88.0|58.0|130.0|0.7|0.8|3.8|4.0|257.9|70.0|55.0|100.0|123.0|98.0|177.0|-1.0|-0.0|0.3|1.1|1000000.0|104.0|63.0|173.0|111.0|67.0|184.0|0.4|0.8|1.3|3.0|-40.8|60.0|45.0|100.0|99.0|74.0|165.0|-0.1|-0.5|-1.0|-1.2|-1000000.0|108.0|40.0|283.0|56.0|21.0|147.0|4.8|1.9|0.0||
AAOI|13|NASDAQ|2020|3|10|14|30|828800|8.216000000000001|7.72|8.12|8.09|2.8|-4.9|219.7|96.0|90.0|105.0|107.0|100.0|117.0|-3.3|-0.2|-8.2|46.6|-1000000.0|97.0|68.0|148.0|66.0|46.0|100.0|1.8|0.8|1.6|3.8|-3.0|92.0|86.0|105.0|103.0|96.0|117.0|-0.4|-0.9|1.8|-10.9|1000000.0|104.0|68.0|153.0|117.0|77.0|173.0|0.7|0.8|2.1|2.8|149.0|79.0|64.0|105.0|111.0|90.0|149.0|-1.3|0.0|-1.1|-1.5|-1000000.0|94.0|56.0|153.0|73.0|44.0|120.0|0.4|0.9|0.8|2.2|-4.8|69.0|52.0|105.0|98.0|74.0|149.0|-0.2|-0.4|0.2|0.6|1000000.0|96.0|36.0|251.0|108.0|40.0|282.0|4.8|1.9|0.0||
AAOI|14|NASDAQ|2020|3|9|14|30|1214700|8.27|7.587999999999999|7.72|8.07|5.4|13.9|307.4|88.0|82.0|100.0|107.0|100.0|122.0|2.1|-1.3|-13.9|-34.1|-1000000.0|156.0|100.0|225.0|69.0|44.0|100.0|0.8|1.3|2.2|7.2|-140.7|87.0|82.0|100.0|100.0|95.0|116.0|3.9|-1.8|3.2|-18.5|1000000.0|136.0|82.0|225.0|167.0|100.0|274.0|-0.3|0.8|2.3|3.6|84.1|74.0|61.0|100.0|108.0|89.0|146.0|-1.2|-0.1|-2.7|-5.0|-1000000.0|139.0|82.0|225.0|65.0|38.0|105.0|0.2|0.9|1.0|2.1|14.6|65.0|49.0|100.0|98.0|74.0|150.0|-0.0|-0.3|-1.0|-1.5|-1000000.0|142.0|52.0|368.0|68.0|25.0|175.0|4.7|1.9|0.0||
AAOI|15|NASDAQ|2020|3|6|15|30|800700|8.94|8.535|8.79|8.75|1.7|2.8|18.8|96.0|94.0|100.0|103.0|100.0|107.0|-2.7|-0.6|-3.0|-30.3|1000000.0|123.0|100.0|148.0|108.0|88.0|130.0|-3.1|0.5|1.3|2.3|50.1|96.0|92.0|100.0|104.0|100.0|109.0|-1.6|0.2|4.0|-4.0|1000000.0|93.0|54.0|148.0|119.0|69.0|190.0|1.4|1.2|1.4|2.3|-1.3|82.0|69.0|100.0|106.0|88.0|128.0|-1.5|-0.1|-1.3|-1.0|-1000000.0|95.0|54.0|148.0|71.0|40.0|110.0|1.0|1.1|0.5|1.2|-25.7|74.0|56.0|100.0|93.0|71.0|127.0|-0.2|-0.1|-1.6|-0.4|-1000000.0|96.0|34.0|485.0|20.0|7.0|100.0|4.7|1.9|0.0||
AAOI|16|NASDAQ|2020|3|5|15|30|558300|9.25|8.86|9.04|9.19|-0.0|3.8|-347.8|98.0|96.0|100.0|98.0|96.0|100.0|-5.9|0.0|16.9|-3.2|1000000.0|82.0|60.0|103.0|137.0|100.0|173.0|0.4|1.2|1.8|-0.0|346.2|97.0|89.0|101.0|109.0|100.0|114.0|1.5|1.2|4.0|22.5|-1000000.0|66.0|38.0|103.0|84.0|48.0|132.0|1.4|1.3|1.4|2.8|-31.5|84.0|71.0|101.0|107.0|91.0|130.0|-1.4|-0.2|1.0|17.1|-1000000.0|67.0|38.0|103.0|80.0|45.0|124.0|0.9|1.2|0.5|1.2|-38.8|76.0|58.0|101.0|93.0|71.0|125.0|-0.0|-0.1|-0.3|3.2|-1000000.0|67.0|24.0|338.0|56.0|20.0|283.0|4.5|1.8|0.0||
AAOI|17|NASDAQ|2020|3|4|15|30|540500|9.61|9.13|9.38|9.61|-1.2|0.2|-90.3|102.0|100.0|105.0|97.0|95.0|100.0|-5.1|-0.1|43.6|30.2|1000000.0|59.0|36.0|100.0|162.0|100.0|274.0|1.1|1.2|1.2|-1.6|376.5|98.0|92.0|105.0|107.0|100.0|114.0|-1.2|0.5|3.3|58.1|-1000000.0|62.0|36.0|100.0|77.0|45.0|123.0|1.8|1.4|1.5|2.9|6.7|86.0|74.0|105.0|111.0|95.0|136.0|-1.2|-0.4|1.1|5.9|-1000000.0|64.0|36.0|100.0|79.0|45.0|123.0|1.1|1.2|0.4|1.1|-98.1|78.0|60.0|105.0|93.0|71.0|125.0|0.1|-0.0|0.3|4.6|1000000.0|65.0|23.0|327.0|73.0|26.0|369.0|4.6|1.8|0.0||
AAOI|18|NASDAQ|2020|3|3|15|30|703600|9.47|8.85|9.4|9.03|0.4|-3.9|562.6|102.0|98.0|105.0|104.0|100.0|107.0|-4.1|0.1|11.5|32.8|-1000000.0|68.0|47.0|100.0|99.0|69.0|146.0|1.7|1.0|1.8|0.6|326.6|97.0|89.0|105.0|109.0|100.0|119.0|-1.7|0.1|0.4|15.3|-1000000.0|79.0|47.0|106.0|81.0|49.0|109.0|2.6|1.7|1.6|3.2|84.9|85.0|74.0|105.0|112.0|97.0|139.0|-0.8|-0.6|1.8|4.3|1000000.0|82.0|47.0|124.0|111.0|64.0|168.0|1.1|1.2|0.4|1.6|-108.3|78.0|60.0|105.0|94.0|72.0|127.0|0.2|0.0|-1.2|-0.6|-1000000.0|85.0|30.0|426.0|35.0|12.0|176.0|4.3|1.8|0.0||
AAOI|19|NASDAQ|2020|3|2|15|30|934700|9.28|8.65|9.03|8.95|3.2|-1.1|592.7|96.0|89.0|101.0|108.0|100.0|114.0|-0.9|0.9|-5.9|58.7|-1000000.0|90.0|63.0|131.0|69.0|48.0|100.0|1.7|1.0|3.6|4.2|373.3|91.0|80.0|101.0|113.0|100.0|126.0|-0.8|0.2|7.4|-7.9|1000000.0|94.0|63.0|141.0|143.0|96.0|214.0|-1.4|0.7|1.4|3.3|-37.0|81.0|71.0|101.0|104.0|91.0|130.0|-0.2|-0.8|-0.8|-3.3|-1000000.0|108.0|63.0|165.0|91.0|53.0|139.0|1.1|1.2|0.5|2.0|-161.7|75.0|58.0|101.0|93.0|72.0|125.0|0.4|0.1|-1.0|-1.6|-1000000.0|114.0|40.0|566.0|57.0|20.0|286.0|4.2|1.8|0.0||
AAOI|20|NASDAQ|2020|2|28|15|30|1483400|9.73|8.54|8.93|8.95|3.5|7.1|15.3|92.0|88.0|100.0|105.0|100.0|114.0|-1.3|-0.9|-13.8|-30.8|-1000000.0|153.0|100.0|223.0|68.0|45.0|100.0|0.0|1.1|4.6|4.7|552.2|86.0|76.0|100.0|114.0|100.0|132.0|-0.4|0.1|-6.3|-18.4|1000000.0|151.0|100.0|223.0|84.0|56.0|125.0|-1.3|0.8|1.3|3.7|-205.4|79.0|70.0|100.0|100.0|89.0|127.0|0.6|-1.0|-2.5|-3.6|-1000000.0|173.0|100.0|262.0|86.0|49.0|129.0|1.3|1.3|0.5|2.3|-177.3|74.0|57.0|100.0|93.0|72.0|126.0|0.5|0.3|-1.3|-2.3|1000000.0|183.0|64.0|898.0|67.0|23.0|329.0|4.3|1.8|0.0||
AAOI|21|NASDAQ|2020|2|27|15|30|1027100|10.02|9.37|9.56|9.9|2.7|6.5|397.6|94.0|90.0|100.0|104.0|100.0|111.0|1.8|-0.8|-7.3|-30.6|1000000.0|131.0|100.0|155.0|93.0|71.0|109.0|3.5|1.8|3.8|3.6|527.5|88.0|79.0|100.0|112.0|100.0|126.0|-1.5|0.2|-0.7|-9.8|1000000.0|113.0|72.0|155.0|108.0|69.0|147.0|1.8|1.4|1.1|3.7|-112.1|83.0|75.0|100.0|102.0|91.0|122.0|0.4|-0.8|-0.2|-0.3|-1000000.0|124.0|72.0|181.0|119.0|69.0|174.0|1.6|1.1|0.3|2.0|-188.8|79.0|61.0|100.0|91.0|71.0|116.0|0.3|0.6|-1.1|-2.1|-1000000.0|130.0|44.0|622.0|59.0|20.0|285.0|5.2|2.0|0.0||
AAOI|22|NASDAQ|2020|2|26|15|30|713200|10.47|10.02|10.18|10.27|2.7|0.1|735.7|96.0|90.0|100.0|107.0|100.0|111.0|1.0|1.3|24.8|-6.8|1000000.0|81.0|50.0|107.0|161.0|100.0|214.0|3.9|2.0|2.2|3.6|176.7|91.0|84.0|100.0|106.0|97.0|115.0|-2.2|-0.2|-1.2|33.0|-1000000.0|83.0|50.0|109.0|76.0|46.0|100.0|3.4|1.9|0.9|2.5|53.7|88.0|80.0|100.0|103.0|94.0|117.0|0.3|-0.6|3.0|4.4|1000000.0|85.0|50.0|126.0|137.0|80.0|202.0|1.0|1.0|0.1|1.7|-157.8|84.0|65.0|100.0|90.0|70.0|107.0|0.3|0.8|-0.5|0.5|-1000000.0|91.0|31.0|432.0|70.0|24.0|334.0|5.4|2.0|0.0||
AAOI|23|NASDAQ|2020|2|25|15|30|664500|10.825|10.1|10.195|10.72|4.0|3.8|609.1|93.0|86.0|100.0|108.0|100.0|116.0|-2.3|0.2|6.1|9.2|-1000000.0|73.0|47.0|100.0|91.0|58.0|125.0|3.2|1.8|2.4|5.3|31.5|90.0|84.0|100.0|105.0|99.0|117.0|-0.8|-0.9|7.4|8.2|1000000.0|74.0|47.0|102.0|112.0|71.0|154.0|1.8|1.3|1.3|1.4|205.9|87.0|79.0|100.0|110.0|100.0|127.0|0.6|-0.3|-0.5|-0.3|1000000.0|80.0|47.0|117.0|73.0|42.0|106.0|0.9|1.0|0.2|1.4|-167.1|84.0|65.0|100.0|92.0|72.0|111.0|0.3|0.9|-0.2|3.1|-1000000.0|85.0|28.0|402.0|75.0|25.0|354.0|5.4|2.0|0.0||
AAOI|24|NASDAQ|2020|2|24|15|30|725600|10.75|10.42|10.585|10.54|3.5|6.6|307.3|93.0|88.0|100.0|106.0|100.0|114.0|-0.8|-0.7|8.7|95.7|1000000.0|73.0|51.0|100.0|99.0|69.0|135.0|1.8|1.4|2.9|4.7|269.8|90.0|83.0|100.0|109.0|100.0|120.0|1.2|-0.4|5.4|11.6|1000000.0|77.0|51.0|111.0|106.0|71.0|153.0|1.6|1.0|1.3|0.8|249.2|89.0|80.0|100.0|112.0|100.0|125.0|0.2|0.4|-1.0|-2.4|-1000000.0|88.0|51.0|128.0|71.0|41.0|103.0|0.7|1.0|0.1|1.4|-202.3|87.0|68.0|100.0|90.0|70.0|104.0|0.4|1.0|0.8|1.5|-1000000.0|92.0|31.0|439.0|129.0|44.0|616.0|5.2|2.0|0.0||
AAOI|25|NASDAQ|2020|2|21|15|30|1419700|11.7|10.874|11.28|11.7|1.0|4.8|-398.6|96.0|93.0|100.0|100.0|97.0|104.0|1.8|-0.9|-13.5|-41.7|-1000000.0|146.0|100.0|217.0|67.0|46.0|100.0|1.3|1.1|1.5|1.4|278.1|94.0|88.0|100.0|104.0|98.0|110.0|-0.0|0.2|-4.3|-18.0|1000000.0|144.0|100.0|217.0|101.0|70.0|152.0|2.4|0.8|1.2|-0.0|306.2|94.0|81.0|100.0|116.0|100.0|124.0|1.1|1.2|-2.7|-6.5|-1000000.0|172.0|100.0|251.0|79.0|46.0|115.0|0.7|1.0|-0.2|1.1|-345.8|92.0|72.0|110.0|84.0|66.0|100.0|0.4|0.9|-1.7|2.7|-1000000.0|183.0|61.0|860.0|28.0|9.0|130.0|4.8|1.9|0.0||
AAOI|26|NASDAQ|2020|2|20|15|30|827500|12.299000000000001|11.587|11.82|12.02|0.2|2.2|176.3|99.0|98.0|101.0|100.0|99.0|101.0|0.8|1.0|5.4|18.3|1000000.0|96.0|82.0|127.0|116.0|100.0|154.0|-1.0|-0.9|-0.4|0.2|-154.7|98.0|93.0|103.0|96.0|90.0|100.0|-0.3|0.7|-3.1|7.2|-1000000.0|95.0|82.0|127.0|74.0|65.0|100.0|-1.6|-0.8|1.0|-0.2|283.0|97.0|83.0|105.0|117.0|100.0|126.0|0.7|1.2|-1.9|-2.1|-1000000.0|106.0|72.0|160.0|67.0|45.0|100.0|-1.3|0.4|-0.3|1.3|-204.4|97.0|76.0|115.0|85.0|66.0|100.0|0.3|0.8|-1.2|6.4|-1000000.0|110.0|35.0|501.0|46.0|15.0|213.0|5.7|2.0|0.0||
AAOI|27|NASDAQ|2020|2|19|15|30|978700|12.2|11.45|12.08|11.78|1.4|-2.7|1011.5|100.0|95.0|103.0|105.0|100.0|109.0|2.2|1.5|0.6|-33.2|-1000000.0|108.0|97.0|150.0|110.0|100.0|153.0|3.9|-2.0|-0.9|1.8|-616.2|101.0|95.0|107.0|94.0|89.0|100.0|-0.8|0.4|-6.0|0.8|-1000000.0|117.0|97.0|173.0|68.0|56.0|100.0|-2.5|-0.4|0.9|0.0|254.9|98.0|85.0|107.0|116.0|100.0|126.0|-0.1|1.0|-1.0|-3.6|-1000000.0|126.0|86.0|189.0|102.0|69.0|153.0|-1.3|0.5|-0.3|0.6|-178.8|99.0|77.0|118.0|85.0|66.0|101.0|0.2|0.8|-1.3|-0.9|-1000000.0|131.0|42.0|593.0|47.0|15.0|214.0|5.6|2.0|0.0||
AAOI|28|NASDAQ|2020|2|18|15|30|653300|12.1|11.58|11.75|11.77|1.5|1.3|-369.7|96.0|92.0|100.0|102.0|98.0|106.0|-3.8|0.2|13.1|54.0|-1000000.0|71.0|65.0|100.0|109.0|99.0|152.0|4.0|-2.0|-0.6|2.0|-494.2|99.0|92.0|104.0|95.0|88.0|100.0|-0.9|0.7|-1.3|17.4|-1000000.0|84.0|65.0|115.0|76.0|59.0|105.0|-2.7|0.3|0.8|0.6|268.6|95.0|82.0|104.0|111.0|96.0|122.0|-0.8|0.7|3.9|5.1|1000000.0|83.0|56.0|126.0|147.0|100.0|223.0|-1.1|0.5|-0.2|0.6|-133.1|97.0|75.0|114.0|86.0|67.0|102.0|0.1|0.8|-1.1|0.3|-1000000.0|89.0|28.0|396.0|39.0|12.0|174.0|5.6|2.0|0.0||
AAOI|29|NASDAQ|2020|2|14|15|30|1006400|12.73|11.81|11.9|12.7|-0.8|7.1|-1183.7|98.0|93.0|103.0|95.0|90.0|100.0|-2.7|-0.2|-8.9|-0.4|-1000000.0|110.0|100.0|155.0|71.0|65.0|100.0|4.0|-2.0|-0.4|-1.1|26.9|101.0|93.0|106.0|98.0|91.0|103.0|-0.9|0.8|-4.8|-11.8|1000000.0|128.0|100.0|178.0|85.0|66.0|118.0|-2.6|0.3|0.9|-0.3|354.1|95.0|84.0|106.0|113.0|99.0|125.0|-1.2|0.5|-0.1|-2.4|1000000.0|126.0|87.0|194.0|123.0|85.0|191.0|-1.4|0.3|-0.3|0.4|-145.3|98.0|76.0|116.0|86.0|67.0|101.0|0.0|0.7|-0.9|-0.6|-1000000.0|138.0|43.0|610.0|75.0|23.0|330.0|5.6|2.0|0.0||
AAOI|30|NASDAQ|2020|2|13|15|30|1002300|12.89|12.06|12.75|12.2|-2.8|-2.3|-241.7|106.0|100.0|113.0|94.0|89.0|100.0|-4.8|0.1|-10.9|-0.7|-1000000.0|125.0|100.0|177.0|71.0|57.0|100.0|-5.4|-0.1|-0.7|-3.8|312.6|108.0|100.0|113.0|102.0|95.0|108.0|-1.5|0.6|-4.8|-14.5|1000000.0|136.0|100.0|177.0|90.0|66.0|117.0|-0.9|1.1|0.6|-1.3|348.9|101.0|89.0|113.0|114.0|100.0|127.0|-1.5|0.3|6.6|-3.0|1000000.0|115.0|43.0|193.0|269.0|100.0|450.0|9.8|2.8|-0.4|0.1|-124.4|106.0|82.0|124.0|86.0|66.0|101.0|-0.1|0.7|-0.9|2.6|1000000.0|139.0|43.0|607.0|79.0|24.0|344.0|5.9|2.1|0.0||
AAOI|31|NASDAQ|2020|2|12|15|30|995200|12.48|11.5|12.46|11.6|-2.4|-7.6|-33.9|107.0|100.0|111.0|97.0|90.0|100.0|3.2|1.8|-10.1|-34.8|1000000.0|142.0|100.0|176.0|85.0|60.0|105.0|3.4|1.8|-0.1|-3.2|424.5|106.0|100.0|111.0|105.0|100.0|110.0|-2.1|0.3|-0.6|-13.4|1000000.0|137.0|100.0|176.0|131.0|96.0|168.0|-0.8|1.0|1.3|-0.7|486.5|98.0|80.0|111.0|122.0|100.0|138.0|-0.9|0.5|5.6|-0.1|1000000.0|108.0|43.0|192.0|228.0|90.0|406.0|4.3|2.1|-0.3|0.1|-89.1|104.0|80.0|121.0|89.0|69.0|104.0|-0.1|0.8|-0.9|-2.0|1000000.0|140.0|43.0|603.0|75.0|23.0|323.0|6.2|2.2|0.0||
AAOI|32|NASDAQ|2020|2|11|15|30|649200|11.66|11.11|11.51|11.4|0.2|-1.8|349.4|101.0|99.0|102.0|101.0|100.0|103.0|-4.8|0.1|0.7|-12.7|1000000.0|105.0|97.0|115.0|108.0|100.0|118.0|-3.6|-0.2|0.1|0.2|15.4|98.0|93.0|102.0|99.0|94.0|103.0|-0.3|1.0|3.0|1.0|1000000.0|93.0|68.0|115.0|113.0|82.0|139.0|1.8|1.4|1.0|0.4|132.3|90.0|74.0|102.0|108.0|89.0|123.0|-1.1|0.4|1.0|8.4|1000000.0|71.0|28.0|125.0|85.0|33.0|150.0|4.5|2.2|-0.1|0.3|-73.4|96.0|74.0|112.0|89.0|69.0|104.0|-0.1|0.8|-1.4|-2.0|-1000000.0|93.0|28.0|393.0|27.0|8.0|116.0|6.2|2.2|0.0||
AAOI|33|NASDAQ|2020|2|10|15|30|566600|11.52|11.01|11.3|11.21|1.8|-0.3|636.9|98.0|93.0|100.0|105.0|100.0|108.0|1.3|1.4|4.3|5.0|-1000000.0|91.0|85.0|100.0|106.0|99.0|117.0|-4.5|-0.3|0.0|2.4|-335.6|97.0|91.0|100.0|97.0|91.0|100.0|-0.5|1.0|4.2|5.7|1000000.0|80.0|59.0|100.0|103.0|77.0|129.0|1.2|1.1|1.0|1.6|41.3|87.0|72.0|100.0|105.0|87.0|120.0|-1.1|0.2|1.1|0.7|1000000.0|62.0|24.0|109.0|76.0|30.0|134.0|4.5|2.2|-0.1|0.3|-72.7|94.0|72.0|110.0|89.0|68.0|104.0|-0.1|0.8|-0.8|-1.5|-1000000.0|82.0|24.0|343.0|49.0|15.0|206.0|6.1|2.2|0.0||
AAOI|34|NASDAQ|2020|2|7|15|30|594900|11.6|11.24|11.27|11.6|2.5|2.8|327.5|95.0|91.0|100.0|105.0|100.0|110.0|-3.1|-0.1|15.1|12.3|1000000.0|83.0|62.0|100.0|132.0|100.0|160.0|3.3|1.7|0.5|3.3|-310.0|96.0|91.0|100.0|100.0|94.0|103.0|-0.4|0.8|9.4|20.1|1000000.0|77.0|60.0|100.0|128.0|100.0|165.0|-1.2|0.6|0.7|2.0|-159.8|86.0|72.0|100.0|99.0|83.0|115.0|-0.9|0.1|2.2|-0.2|1000000.0|64.0|25.0|115.0|92.0|37.0|165.0|4.6|2.2|-0.1|0.3|-101.6|94.0|72.0|110.0|88.0|68.0|103.0|-0.1|0.8|1.1|-0.7|1000000.0|85.0|25.0|360.0|134.0|40.0|566.0|5.8|2.1|0.0||
AAOI|35|NASDAQ|2020|2|6|15|30|668200|12.14|11.58|11.58|12.11|0.1|4.7|-967.2|97.0|93.0|100.0|97.0|94.0|100.0|-3.8|0.4|4.4|-0.7|-1000000.0|87.0|70.0|101.0|102.0|82.0|118.0|0.2|1.1|0.4|0.1|120.1|98.0|93.0|102.0|101.0|96.0|106.0|-0.4|0.5|10.1|5.9|1000000.0|79.0|59.0|101.0|135.0|100.0|172.0|-1.0|0.6|0.6|2.3|-185.0|88.0|74.0|102.0|100.0|84.0|116.0|-0.7|0.1|7.2|-0.3|1000000.0|68.0|29.0|129.0|166.0|70.0|315.0|2.7|1.8|-0.2|0.3|-78.7|97.0|74.0|113.0|86.0|66.0|100.0|-0.2|0.8|-1.0|1.4|-1000000.0|97.0|29.0|405.0|47.0|14.0|197.0|5.7|2.1|0.0||
AAOI|36|NASDAQ|2020|2|5|15|30|663800|12.501|11.81|12.13|12.41|-1.7|2.2|-371.8|102.0|98.0|107.0|95.0|91.0|100.0|-2.8|-0.1|2.5|43.7|-1000000.0|85.0|70.0|100.0|93.0|77.0|110.0|1.4|1.1|1.0|-2.3|617.7|101.0|94.0|107.0|108.0|100.0|115.0|0.1|0.7|-1.3|3.4|-1000000.0|79.0|58.0|110.0|72.0|53.0|100.0|-1.1|0.4|0.2|1.9|-245.4|92.0|78.0|107.0|96.0|81.0|112.0|-0.4|0.1|-1.1|-2.4|-1000000.0|68.0|28.0|128.0|53.0|22.0|100.0|2.6|1.8|-0.3|-0.1|-66.3|102.0|78.0|118.0|86.0|66.0|100.0|-0.3|0.8|-1.2|-0.7|-1000000.0|97.0|28.0|402.0|41.0|12.0|171.0|5.6|2.1|0.0||
AAOI|37|NASDAQ|2020|2|4|15|30|953900|12.41|11.64|12.4|11.86|-1.5|-6.3|395.5|106.0|100.0|110.0|99.0|94.0|103.0|2.4|1.3|0.8|-17.6|1000000.0|110.0|97.0|130.0|114.0|100.0|135.0|-4.8|-0.1|1.0|-2.0|625.2|102.0|94.0|110.0|109.0|100.0|117.0|-1.3|0.5|-5.5|1.1|-1000000.0|115.0|84.0|163.0|71.0|51.0|100.0|-1.2|0.3|0.0|1.7|-193.3|94.0|79.0|110.0|94.0|80.0|110.0|-0.3|0.1|-3.3|-1.9|-1000000.0|100.0|41.0|289.0|35.0|14.0|100.0|2.3|1.6|-0.4|-0.3|-63.4|104.0|79.0|122.0|86.0|65.0|100.0|-0.3|0.8|-1.0|-2.0|-1000000.0|140.0|41.0|578.0|71.0|21.0|293.0|5.6|2.1|0.0||
AAOI|38|NASDAQ|2020|2|3|15|30|785600|11.96|11.155|11.62|11.43|0.7|-2.8|326.2|100.0|97.0|103.0|103.0|100.0|106.0|1.5|-0.2|11.3|-6.9|1000000.0|86.0|69.0|107.0|125.0|100.0|156.0|-2.5|0.5|2.9|0.9|807.3|94.0|83.0|103.0|113.0|100.0|124.0|-1.3|0.6|-2.5|15.1|-1000000.0|100.0|69.0|134.0|83.0|57.0|111.0|-0.2|1.0|0.2|2.0|-309.1|88.0|74.0|103.0|92.0|78.0|108.0|-0.4|0.1|-2.7|5.3|-1000000.0|85.0|34.0|238.0|39.0|15.0|109.0|2.1|1.6|-0.2|-0.0|-64.3|98.0|74.0|114.0|87.0|66.0|101.0|-0.3|0.8|-0.9|0.8|-1000000.0|117.0|34.0|476.0|64.0|18.0|261.0|5.8|2.2|0.0||
AAOI|39|NASDAQ|2020|1|31|15|30|731500|11.69|11.21|11.3|11.55|3.6|3.1|1204.9|95.0|87.0|100.0|108.0|100.0|115.0|1.8|1.2|-4.4|34.6|-1000000.0|85.0|64.0|121.0|70.0|53.0|100.0|-2.9|0.1|3.7|4.8|556.4|89.0|79.0|100.0|112.0|100.0|126.0|-1.8|0.0|-4.2|-5.9|-1000000.0|98.0|64.0|141.0|70.0|45.0|100.0|-0.2|1.1|0.4|2.8|-354.6|86.0|72.0|100.0|92.0|78.0|107.0|-0.3|0.2|-1.6|3.9|-1000000.0|80.0|31.0|221.0|55.0|21.0|151.0|2.0|1.6|-0.2|0.1|-40.3|96.0|72.0|111.0|87.0|66.0|100.0|-0.3|0.8|-0.3|-0.9|1000000.0|110.0|31.0|443.0|94.0|27.0|378.0|5.9|2.2|0.0||
AAOI|40|NASDAQ|2020|1|30|15|30|984300|11.88|11.2|11.65|11.74|3.5|2.4|414.1|94.0|88.0|100.0|107.0|100.0|114.0|-4.6|0.0|-10.1|16.0|-1000000.0|119.0|86.0|168.0|71.0|51.0|100.0|-4.4|0.3|3.2|4.6|437.6|88.0|82.0|100.0|108.0|100.0|122.0|-1.5|-0.5|-2.8|-13.5|1000000.0|131.0|86.0|190.0|105.0|69.0|153.0|-0.5|0.9|0.4|2.6|-537.3|88.0|75.0|100.0|94.0|80.0|107.0|-0.1|0.4|-0.5|15.2|-1000000.0|107.0|42.0|298.0|96.0|38.0|268.0|2.0|1.5|-0.2|-0.2|-28.3|99.0|75.0|114.0|89.0|68.0|103.0|-0.4|0.8|-0.9|-3.5|1000000.0|148.0|42.0|596.0|82.0|23.0|331.0|6.0|2.2|0.0||
AAOI|41|NASDAQ|2020|1|29|15|30|1142000|12.985|11.9|11.93|12.89|4.3|8.5|928.2|92.0|85.0|100.0|107.0|100.0|117.0|1.0|-0.5|-10.8|-47.2|1000000.0|153.0|100.0|195.0|87.0|57.0|111.0|3.8|1.9|2.1|5.7|-121.0|89.0|84.0|100.0|102.0|96.0|115.0|0.8|-1.1|0.2|-14.4|1000000.0|147.0|99.0|220.0|149.0|100.0|223.0|-1.2|0.9|-0.0|3.4|-304.9|90.0|76.0|100.0|89.0|76.0|100.0|-0.1|0.4|-2.5|9.4|-1000000.0|127.0|49.0|346.0|62.0|24.0|169.0|2.1|1.6|-0.2|-0.3|-11.8|101.0|76.0|117.0|92.0|70.0|107.0|-0.4|0.8|-1.1|-2.5|-1000000.0|175.0|49.0|692.0|76.0|21.0|301.0|6.4|2.3|0.0||
AAOI|42|NASDAQ|2020|1|28|15|30|602600|13.38|12.91|12.94|13.35|2.5|2.5|376.9|95.0|91.0|100.0|105.0|100.0|110.0|-3.8|-0.1|-3.5|-2.8|-1000000.0|102.0|93.0|116.0|88.0|80.0|100.0|1.2|-0.5|1.3|3.3|-52.2|94.0|91.0|100.0|102.0|99.0|109.0|-0.7|-0.9|9.1|-4.7|1000000.0|80.0|52.0|116.0|131.0|85.0|191.0|-0.4|0.9|-0.5|0.8|-290.4|98.0|83.0|111.0|88.0|74.0|100.0|-0.1|0.3|-1.0|3.3|-1000000.0|70.0|26.0|182.0|56.0|21.0|147.0|2.4|1.7|-0.3|-0.6|-18.8|110.0|83.0|127.0|93.0|70.0|107.0|-0.3|0.8|1.1|0.0|1000000.0|93.0|26.0|365.0|145.0|40.0|569.0|6.8|2.4|0.0||
AAOI|43|NASDAQ|2020|1|27|15|30|585700|13.56|13.07|13.26|13.47|1.9|5.3|28.5|95.0|93.0|100.0|102.0|100.0|107.0|2.2|-1.6|8.8|10.9|1000000.0|92.0|74.0|113.0|124.0|100.0|153.0|0.6|0.8|1.2|2.5|45.1|95.0|92.0|100.0|103.0|100.0|108.0|1.1|-1.3|42.6|11.8|1000000.0|58.0|25.0|113.0|233.0|100.0|450.0|4.2|2.0|-0.7|0.2|-202.6|101.0|85.0|115.0|87.0|74.0|100.0|-0.4|0.3|3.0|2.1|1000000.0|66.0|25.0|177.0|105.0|40.0|282.0|2.3|1.7|-0.3|-0.6|7.5|113.0|85.0|130.0|97.0|73.0|111.0|-0.2|0.9|0.4|-2.1|1000000.0|90.0|25.0|355.0|108.0|30.0|427.0|6.7|2.4|0.0||
AAOI|44|NASDAQ|2020|1|24|15|30|649600|14.8|13.8|13.96|14.33|-0.5|1.9|-783.8|99.0|98.0|102.0|98.0|96.0|100.0|-1.6|-0.8|19.5|-20.2|1000000.0|83.0|56.0|125.0|148.0|100.0|223.0|1.1|1.1|1.7|-0.6|867.7|98.0|89.0|102.0|109.0|100.0|114.0|4.6|1.9|32.0|26.0|1000000.0|53.0|28.0|125.0|172.0|90.0|406.0|-0.9|0.9|-0.8|-0.8|-210.4|107.0|89.0|121.0|89.0|74.0|101.0|-0.6|0.3|-0.5|3.5|-1000000.0|74.0|28.0|197.0|66.0|25.0|175.0|2.3|1.7|-0.3|-0.8|19.7|119.0|89.0|137.0|100.0|75.0|114.0|0.0|1.0|2.3|-1.1|1000000.0|97.0|28.0|393.0|211.0|60.0|853.0|5.4|2.1|0.0||
AAOI|45|NASDAQ|2020|1|23|15|30|518200|14.574000000000002|13.911|14.23|14.22|-0.2|0.1|575.4|101.0|100.0|104.0|100.0|99.0|103.0|2.9|-1.7|22.7|52.9|-1000000.0|60.0|45.0|100.0|114.0|85.0|191.0|-0.6|-0.5|-0.4|-0.3|-122.4|100.0|91.0|104.0|97.0|89.0|101.0|4.3|1.9|7.2|30.2|-1000000.0|42.0|22.0|100.0|63.0|33.0|150.0|-0.8|0.9|-1.1|-0.9|-223.0|110.0|91.0|128.0|86.0|71.0|100.0|-0.6|0.4|-3.4|23.9|-1000000.0|60.0|22.0|314.0|19.0|7.0|100.0|1.9|1.5|-0.3|-0.9|49.8|122.0|91.0|140.0|104.0|78.0|119.0|0.3|1.1|5.4|0.2|1000000.0|75.0|22.0|314.0|277.0|82.0|1163.0|3.8|1.9|0.0||
AAOI|46|NASDAQ|2020|1|22|15|30|792200|14.42|13.47|14.25|13.75|0.2|-3.9|317.7|101.0|99.0|104.0|102.0|100.0|105.0|2.0|-1.4|48.6|46.0|1000000.0|60.0|34.0|100.0|177.0|100.0|295.0|3.1|1.7|-0.7|0.2|-384.9|100.0|91.0|105.0|95.0|87.0|100.0|3.4|1.7|-1.7|64.8|-1000000.0|63.0|34.0|114.0|55.0|30.0|100.0|-0.8|1.1|-1.1|-1.2|-176.8|111.0|91.0|128.0|87.0|71.0|100.0|-0.4|0.5|-2.1|-3.8|1000000.0|93.0|34.0|480.0|55.0|20.0|283.0|1.9|1.5|-0.5|-0.9|-2.5|123.0|91.0|140.0|94.0|70.0|107.0|0.8|1.2|0.5|-1.7|1000000.0|113.0|34.0|480.0|140.0|42.0|598.0|3.6|1.9|0.0||
AAOI|47|NASDAQ|2020|1|21|15|30|1156800|14.1|13.5|13.7|14.06|3.5|3.1|1800.3|95.0|88.0|100.0|108.0|100.0|114.0|2.3|1.4|20.5|-14.6|-1000000.0|70.0|50.0|117.0|128.0|90.0|213.0|-5.1|0.0|-0.8|4.6|-1388.4|98.0|88.0|106.0|92.0|83.0|100.0|2.2|1.1|-3.7|27.3|-1000000.0|91.0|50.0|166.0|67.0|37.0|123.0|-0.8|1.1|-0.9|-1.0|-139.1|108.0|88.0|123.0|88.0|71.0|100.0|-0.0|0.7|-2.4|-7.9|1000000.0|137.0|50.0|701.0|72.0|26.0|369.0|1.9|1.5|-0.4|-0.8|-27.7|119.0|88.0|134.0|93.0|69.0|105.0|1.3|1.3|2.2|-2.2|1000000.0|157.0|47.0|701.0|333.0|100.0|1484.0|3.1|1.9|0.0||
AAOI|48|NASDAQ|2020|1|17|15|30|988400|14.89|13.61|14.12|14.58|-0.5|1.6|-2714.4|98.0|91.0|102.0|96.0|89.0|100.0|2.8|1.6|-5.3|136.1|-1000000.0|64.0|42.0|127.0|50.0|33.0|100.0|-5.2|0.0|-1.1|-0.6|-369.6|101.0|91.0|109.0|94.0|84.0|101.0|1.2|1.0|9.3|-7.1|1000000.0|74.0|42.0|142.0|122.0|70.0|235.0|-1.7|0.6|-1.0|-1.6|-110.4|113.0|91.0|127.0|90.0|72.0|102.0|0.3|0.9|-3.5|-7.0|-1000000.0|123.0|42.0|599.0|36.0|12.0|176.0|2.3|1.7|-0.3|-0.8|34.2|123.0|91.0|138.0|102.0|75.0|115.0|1.9|1.4|2.3|-1.7|1000000.0|131.0|40.0|599.0|282.0|87.0|1291.0|2.4|1.8|0.0||
AAOI|49|NASDAQ|2020|1|16|15|30|2333200|15.98|14.03|14.345|15.91|-1.4|8.7|-443.5|100.0|92.0|106.0|94.0|87.0|100.0|1.4|1.3|-17.5|-9.8|-1000000.0|158.0|100.0|335.0|47.0|30.0|100.0|-5.6|0.1|-1.6|-1.9|-379.1|105.0|92.0|113.0|93.0|81.0|100.0|1.1|1.2|-11.1|-23.4|-1000000.0|183.0|100.0|448.0|41.0|22.0|100.0|-1.8|0.6|-1.1|-1.7|-183.3|116.0|92.0|129.0|90.0|72.0|101.0|1.1|1.1|-4.0|-8.7|-1000000.0|300.0|100.0|1413.0|61.0|20.0|286.0|2.5|1.8|-0.4|-1.0|45.0|126.0|92.0|141.0|99.0|73.0|111.0|2.7|1.6|-0.3|-2.4|1000000.0|301.0|95.0|1413.0|251.0|79.0|1178.0|1.7|1.6|0.0||
AAOI|50|NASDAQ|2020|1|15|15|30|2104000|15.68|13.9|15.6|13.92|-4.3|-11.2|-825.9|112.0|100.0|121.0|92.0|83.0|100.0|2.2|1.3|-14.8|-63.0|1000000.0|190.0|100.0|302.0|77.0|41.0|123.0|3.8|1.9|-2.9|-5.7|-215.5|116.0|100.0|126.0|92.0|80.0|100.0|2.9|1.6|-12.0|-19.8|-1000000.0|213.0|100.0|637.0|33.0|16.0|100.0|0.1|1.1|-1.4|-2.2|-84.5|128.0|100.0|140.0|92.0|72.0|101.0|2.5|1.5|-3.7|-6.4|-1000000.0|306.0|100.0|1274.0|79.0|26.0|329.0|4.7|2.1|-0.6|-1.4|12.0|137.0|100.0|153.0|93.0|68.0|104.0|3.8|1.7|-0.9|-3.7|1000000.0|280.0|86.0|1274.0|151.0|46.0|685.0|2.2|1.7|0.0||
AAOI|51|NASDAQ|2020|1|14|15|30|778900|13.88|13.4|13.86|13.81|-1.4|-2.3|168.1|104.0|100.0|107.0|98.0|94.0|101.0|-3.1|0.4|27.4|-10.6|1000000.0|79.0|48.0|112.0|165.0|100.0|235.0|3.6|1.9|-1.8|-1.9|-396.2|107.0|100.0|114.0|94.0|88.0|100.0|-0.8|0.3|-7.7|36.6|-1000000.0|105.0|48.0|236.0|49.0|22.0|109.0|3.0|1.6|-1.0|-1.6|-69.7|115.0|100.0|125.0|92.0|80.0|100.0|-0.5|0.7|-2.0|-3.1|-1000000.0|128.0|48.0|472.0|78.0|29.0|285.0|5.4|1.9|-0.6|-1.1|-34.6|123.0|100.0|145.0|85.0|69.0|100.0|0.6|1.0|0.0|-2.3|1000000.0|108.0|32.0|472.0|109.0|32.0|478.0|3.1|1.8|0.0||
AAOI|52|NASDAQ|2020|1|13|15|30|696500|13.58|12.86|13.54|13.0|-1.6|-4.5|-470.2|104.0|100.0|107.0|97.0|94.0|100.0|1.5|1.0|-6.3|22.8|-1000000.0|75.0|43.0|134.0|56.0|32.0|100.0|2.6|1.5|-1.5|-2.1|-245.5|107.0|100.0|112.0|95.0|90.0|100.0|-0.7|0.4|-4.1|-8.4|-1000000.0|100.0|43.0|211.0|71.0|31.0|151.0|3.6|1.8|-1.0|-1.6|-74.9|114.0|100.0|124.0|92.0|81.0|100.0|-0.6|0.7|-1.0|-3.4|-1000000.0|117.0|43.0|422.0|93.0|34.0|334.0|6.0|2.0|-0.6|-1.0|-47.9|122.0|100.0|145.0|84.0|69.0|100.0|0.3|0.7|-0.5|-2.0|1000000.0|97.0|28.0|422.0|73.0|21.0|318.0|3.1|1.8|0.0||
AAOI|53|NASDAQ|2020|1|10|15|30|855300|13.25|12.59|12.93|13.1|-1.0|1.0|-342.9|101.0|99.0|104.0|97.0|95.0|100.0|-1.2|-0.6|-15.3|91.0|-1000000.0|102.0|52.0|259.0|40.0|20.0|100.0|1.2|1.2|-0.5|-1.3|29.0|103.0|99.0|107.0|100.0|96.0|103.0|-1.4|0.2|0.5|-20.5|1000000.0|118.0|52.0|259.0|122.0|54.0|268.0|2.4|1.5|-0.6|-1.2|-42.6|110.0|99.0|118.0|96.0|86.0|103.0|-0.9|0.7|-1.6|1.0|1000000.0|145.0|52.0|518.0|99.0|36.0|354.0|6.3|2.1|-0.6|-0.8|-44.6|117.0|99.0|138.0|85.0|72.0|100.0|-0.0|0.4|-0.5|-2.8|1000000.0|119.0|35.0|518.0|90.0|26.0|392.0|3.1|1.9|0.0||
AAOI|54|NASDAQ|2020|1|9|15|30|1633300|13.88|12.86|13.06|12.89|-1.7|-2.8|-348.0|104.0|100.0|107.0|97.0|93.0|100.0|-0.7|0.3|-19.5|-68.1|1000000.0|230.0|100.0|494.0|51.0|22.0|109.0|3.6|1.9|-1.3|-2.3|-109.3|105.0|100.0|110.0|96.0|91.0|100.0|-0.2|0.5|-9.4|-26.0|1000000.0|239.0|100.0|494.0|82.0|34.0|169.0|3.7|1.9|-0.8|-1.2|-19.8|112.0|100.0|119.0|94.0|84.0|100.0|-0.4|0.8|-1.9|-7.2|1000000.0|273.0|100.0|989.0|170.0|62.0|616.0|5.2|2.0|-0.5|-0.9|-22.0|119.0|100.0|140.0|89.0|75.0|105.0|0.0|0.4|-1.4|-2.8|-1000000.0|230.0|67.0|989.0|68.0|20.0|291.0|3.2|1.9|1.0||
AAOI|55|NASDAQ|2020|1|8|15|30|520600|12.82|12.37|12.7|12.41|-1.1|-2.1|-36.5|103.0|100.0|105.0|98.0|95.0|100.0|-1.6|0.8|-1.1|-36.5|1000000.0|122.0|100.0|158.0|117.0|96.0|151.0|-5.2|-0.0|-1.2|-1.5|-206.0|104.0|100.0|109.0|95.0|91.0|100.0|-0.7|-0.3|-1.0|-1.4|-1000000.0|100.0|59.0|158.0|93.0|55.0|147.0|3.1|1.5|-1.0|-1.4|-107.8|110.0|100.0|124.0|89.0|81.0|100.0|-0.2|0.4|-2.9|-7.6|-1000000.0|99.0|51.0|315.0|41.0|21.0|130.0|0.7|0.7|-0.4|-0.8|-24.5|116.0|100.0|136.0|93.0|80.0|109.0|-0.2|0.2|-0.6|0.4|-1000000.0|76.0|21.0|315.0|53.0|15.0|220.0|4.2|2.1|0.0||
AAOI|56|NASDAQ|2020|1|7|15|30|330500|12.465|12.055|12.43|12.2|0.1|-2.3|460.6|101.0|99.0|103.0|102.0|100.0|103.0|-5.2|0.1|41.9|9.4|1000000.0|64.0|37.0|100.0|171.0|100.0|268.0|2.2|1.6|-1.0|0.2|-408.3|103.0|99.0|108.0|96.0|92.0|100.0|-1.5|-0.2|26.0|55.9|1000000.0|57.0|35.0|100.0|161.0|100.0|282.0|-1.0|0.8|-0.8|-1.1|-98.8|109.0|99.0|121.0|91.0|83.0|100.0|-0.1|0.2|0.3|4.6|-1000000.0|64.0|32.0|200.0|68.0|35.0|213.0|0.6|0.8|-0.4|-0.6|-35.2|114.0|99.0|133.0|91.0|79.0|106.0|-0.3|0.2|0.8|2.6|1000000.0|48.0|13.0|200.0|68.0|19.0|282.0|4.2|2.1|0.0||
AAOI|57|NASDAQ|2020|1|6|15|30|361600|12.2|11.86|12.15|12.0|-0.6|-0.2|-775.0|100.0|97.0|102.0|98.0|95.0|100.0|1.7|0.6|13.7|37.8|-1000000.0|63.0|41.0|100.0|97.0|63.0|155.0|2.0|1.2|-0.6|-0.7|-106.9|102.0|97.0|105.0|97.0|93.0|101.0|-0.9|0.5|8.6|18.3|1000000.0|59.0|39.0|100.0|94.0|62.0|160.0|-0.9|0.8|-0.7|-0.9|-116.8|108.0|97.0|118.0|92.0|83.0|101.0|-0.0|0.1|-0.1|7.6|1000000.0|70.0|36.0|219.0|68.0|35.0|214.0|0.6|0.8|-0.4|-0.5|-37.4|112.0|97.0|130.0|91.0|79.0|105.0|-0.3|0.1|0.3|-2.0|1000000.0|53.0|15.0|219.0|60.0|17.0|248.0|4.3|2.1|0.0||
AAOI|58|NASDAQ|2020|1|3|15|30|498400|12.325|12.01|12.12|12.25|-1.1|3.1|-320.8|101.0|97.0|104.0|97.0|93.0|100.0|-0.3|0.4|-0.7|77.6|-1000000.0|82.0|56.0|103.0|80.0|55.0|100.0|3.4|1.8|-1.2|-1.4|-189.6|103.0|97.0|109.0|95.0|89.0|100.0|0.2|0.4|-9.6|-0.9|-1000000.0|85.0|53.0|302.0|28.0|18.0|100.0|0.1|-0.1|-0.7|-0.8|-89.4|108.0|97.0|118.0|93.0|84.0|102.0|0.2|0.3|-2.1|-4.6|-1000000.0|97.0|49.0|302.0|56.0|28.0|174.0|0.5|0.8|-0.3|-0.5|-18.0|112.0|97.0|129.0|94.0|81.0|108.0|-0.2|0.2|-0.0|-1.3|-1000000.0|72.0|20.0|302.0|71.0|20.0|295.0|4.3|2.1|0.0||
AAOI|59|NASDAQ|2020|1|2|15|30|885000|12.53|11.8|12.5|12.13|-2.0|-5.0|-104.5|105.0|100.0|109.0|97.0|92.0|100.0|1.4|1.4|1.3|-36.7|1000000.0|124.0|95.0|183.0|130.0|100.0|192.0|-5.3|-0.1|-1.5|-2.6|-142.1|108.0|100.0|112.0|96.0|89.0|100.0|1.3|1.0|-6.8|1.8|-1000000.0|152.0|95.0|536.0|80.0|50.0|283.0|-0.0|-0.1|-0.8|-1.2|-106.2|112.0|100.0|122.0|93.0|83.0|101.0|0.5|0.4|-1.9|-5.2|1000000.0|171.0|87.0|536.0|105.0|54.0|330.0|0.4|0.7|-0.4|-0.6|0.4|116.0|100.0|134.0|96.0|82.0|110.0|-0.1|0.2|0.2|0.2|1000000.0|127.0|36.0|536.0|138.0|39.0|582.0|4.1|2.0|0.0||
AAOI|60|NASDAQ|2019|12|31|15|30|559800|12.06|11.5|11.88|11.56|-0.6|-2.3|103.7|102.0|100.0|103.0|100.0|98.0|101.0|2.9|1.5|0.9|-13.4|-1000000.0|88.0|60.0|115.0|91.0|62.0|120.0|3.3|1.7|-0.9|-0.8|-189.6|104.0|100.0|107.0|97.0|94.0|100.0|-1.6|0.2|1.3|1.2|1000000.0|103.0|60.0|339.0|112.0|65.0|369.0|2.2|0.1|-0.6|-0.6|-88.6|108.0|100.0|116.0|94.0|87.0|101.0|-1.0|-0.2|0.1|-0.3|1000000.0|111.0|55.0|339.0|113.0|56.0|344.0|1.4|0.8|-0.2|-0.6|25.6|111.0|98.0|127.0|101.0|89.0|116.0|-0.4|-0.0|-0.5|-1.7|1000000.0|81.0|23.0|339.0|61.0|17.0|253.0|4.2|2.1|0.0||
AAOI|61|NASDAQ|2019|12|30|15|30|484700|11.83|11.214|11.61|11.5|-1.1|-0.8|-568.9|101.0|100.0|104.0|97.0|96.0|100.0|3.3|-1.8|-16.5|92.2|-1000000.0|90.0|52.0|294.0|31.0|18.0|100.0|1.1|0.2|-0.4|-1.4|66.7|102.0|100.0|104.0|100.0|97.0|102.0|-2.4|0.2|-5.7|-22.0|1000000.0|96.0|52.0|294.0|58.0|31.0|176.0|0.9|0.5|-0.4|-0.5|-27.3|106.0|100.0|113.0|98.0|92.0|104.0|-1.3|-0.2|0.5|-0.3|-1000000.0|97.0|48.0|294.0|106.0|52.0|323.0|1.5|0.9|-0.1|-0.5|27.6|109.0|96.0|124.0|101.0|89.0|116.0|-0.2|-0.1|-0.6|-1.7|-1000000.0|71.0|20.0|294.0|48.0|13.0|200.0|4.2|2.1|0.0||
AAOI|62|NASDAQ|2019|12|27|15|30|931600|12.0|11.425|11.52|11.67|-0.8|0.8|33.4|101.0|99.0|104.0|98.0|96.0|100.0|-5.3|0.1|-12.5|-37.8|1000000.0|174.0|100.0|564.0|87.0|50.0|283.0|0.9|0.2|-0.4|-1.1|11.1|102.0|99.0|104.0|99.0|96.0|101.0|-0.9|1.0|-7.1|-16.6|1000000.0|186.0|100.0|564.0|94.0|51.0|286.0|0.9|0.5|-0.4|-0.6|-72.7|106.0|99.0|112.0|98.0|92.0|104.0|-1.3|-0.2|-4.0|-4.5|-1000000.0|192.0|92.0|564.0|39.0|19.0|116.0|1.1|0.8|-0.2|-0.5|15.8|108.0|95.0|123.0|100.0|88.0|114.0|-0.1|-0.0|-1.2|-2.0|-1000000.0|137.0|38.0|564.0|51.0|14.0|212.0|4.1|2.1|0.0||
AAOI|63|NASDAQ|2019|12|26|15|30|579400|11.75|11.04|11.61|11.11|-1.1|-4.2|-33.5|103.0|100.0|104.0|99.0|96.0|100.0|3.9|2.0|1.3|-71.5|1000000.0|127.0|95.0|351.0|134.0|100.0|369.0|2.0|-1.5|-0.5|-1.4|44.5|103.0|100.0|104.0|100.0|97.0|101.0|4.0|1.9|-0.9|1.7|-1000000.0|130.0|95.0|351.0|122.0|89.0|329.0|-0.1|-1.0|-0.4|-0.3|-34.1|107.0|100.0|113.0|98.0|92.0|104.0|-1.2|-0.1|-2.1|0.1|-1000000.0|127.0|57.0|351.0|74.0|33.0|206.0|2.4|0.9|-0.1|-0.5|25.2|109.0|96.0|124.0|102.0|89.0|116.0|0.1|-0.0|-0.3|-1.1|-1000000.0|86.0|24.0|351.0|72.0|20.0|293.0|4.3|2.1|0.0||
AAOI|64|NASDAQ|2019|12|24|15|30|165100|11.18|10.9|11.12|11.12|0.4|0.3|200.2|100.0|98.0|100.0|101.0|100.0|102.0|3.4|1.8|18.9|182.6|-1000000.0|43.0|27.0|100.0|76.0|48.0|176.0|-2.0|0.1|-0.1|0.5|-86.6|100.0|98.0|100.0|99.0|98.0|100.0|-0.2|0.7|26.5|25.2|1000000.0|38.0|27.0|100.0|109.0|77.0|285.0|0.3|-0.9|-0.3|-0.2|30.8|103.0|98.0|108.0|98.0|93.0|103.0|-1.6|-0.1|23.3|57.3|1000000.0|35.0|16.0|100.0|197.0|92.0|566.0|1.2|0.9|-0.0|-0.3|18.4|104.0|92.0|119.0|103.0|90.0|117.0|0.2|-0.0|4.4|11.6|-1000000.0|25.0|7.0|100.0|79.0|22.0|322.0|4.3|2.1|0.0||
AAOI|65|NASDAQ|2019|12|23|15|30|466600|11.23|10.91|11.15|11.17|0.1|-0.3|-135.6|100.0|99.0|100.0|100.0|99.0|101.0|2.2|1.4|0.3|30.7|1000000.0|102.0|77.0|161.0|103.0|77.0|163.0|1.6|-0.4|-0.3|0.1|-91.3|100.0|99.0|102.0|98.0|97.0|100.0|0.7|-0.6|2.6|0.4|1000000.0|96.0|77.0|161.0|113.0|90.0|190.0|2.2|-1.2|-0.4|-0.9|-3.4|104.0|99.0|108.0|96.0|91.0|100.0|-1.7|0.1|-1.5|-6.0|-1000000.0|97.0|46.0|244.0|68.0|32.0|171.0|1.5|1.1|-0.1|-0.2|-13.8|105.0|92.0|119.0|99.0|87.0|113.0|0.3|0.0|-0.2|0.7|-1000000.0|69.0|19.0|244.0|62.0|17.0|219.0|4.4|2.2|0.0||
AAOI|66|NASDAQ|2019|12|20|15|30|609700|11.31|11.085|11.12|11.3|0.3|1.6|67.1|99.0|98.0|100.0|100.0|99.0|101.0|-1.2|-0.0|-2.7|-52.5|1000000.0|127.0|100.0|210.0|114.0|89.0|188.0|1.1|-1.1|0.2|0.4|15.0|100.0|98.0|102.0|101.0|100.0|103.0|-0.0|-0.8|-0.6|-3.6|1000000.0|121.0|100.0|210.0|116.0|96.0|201.0|2.4|-1.5|-0.4|-0.8|-15.0|104.0|98.0|109.0|96.0|91.0|100.0|-1.6|0.3|-2.7|-4.7|-1000000.0|129.0|60.0|319.0|60.0|28.0|147.0|1.4|1.1|-0.1|-0.1|-22.9|105.0|92.0|119.0|98.0|86.0|111.0|0.4|0.1|-1.2|-0.8|-1000000.0|91.0|25.0|319.0|34.0|9.0|120.0|4.4|2.1|0.0||
AAOI|67|NASDAQ|2019|12|19|15|30|289900|11.4|11.03|11.3|11.15|-0.5|-1.1|-191.1|101.0|100.0|102.0|99.0|98.0|100.0|0.1|-0.7|15.6|62.6|-1000000.0|65.0|53.0|100.0|106.0|87.0|162.0|2.6|-1.4|-0.4|-0.7|-40.6|101.0|100.0|103.0|98.0|97.0|100.0|-1.8|-0.4|35.8|20.8|1000000.0|52.0|28.0|100.0|181.0|100.0|351.0|3.8|1.5|-0.5|-0.9|-30.2|106.0|100.0|111.0|96.0|90.0|100.0|-1.4|0.4|3.3|2.5|1000000.0|62.0|28.0|152.0|104.0|48.0|253.0|1.8|1.3|-0.2|-0.1|-55.8|107.0|93.0|121.0|96.0|84.0|109.0|0.4|0.2|0.2|9.3|-1000000.0|44.0|12.0|152.0|49.0|13.0|170.0|4.3|2.1|0.0||
AAOI|68|NASDAQ|2019|12|18|15|30|471500|11.34|10.94|11.18|11.27|-0.5|0.5|-149.4|101.0|99.0|102.0|98.0|97.0|100.0|-1.0|-0.6|4.2|15.4|1000000.0|93.0|86.0|100.0|108.0|100.0|117.0|-5.9|0.0|-1.2|-0.7|-238.7|102.0|99.0|109.0|94.0|91.0|100.0|3.9|-1.9|-7.8|5.6|-1000000.0|86.0|46.0|220.0|39.0|21.0|100.0|3.1|1.1|-0.4|-0.7|-12.7|105.0|99.0|110.0|97.0|91.0|101.0|-1.1|0.6|-0.4|-4.4|-1000000.0|100.0|46.0|247.0|91.0|42.0|225.0|1.9|1.3|-0.1|0.1|-61.7|106.0|92.0|119.0|98.0|86.0|111.0|0.6|0.2|-1.2|2.1|-1000000.0|71.0|19.0|247.0|30.0|8.0|104.0|4.3|2.1|0.0||
AAOI|69|NASDAQ|2019|12|17|15|30|543900|11.45|11.1|11.24|11.2|0.1|-1.5|377.3|101.0|100.0|103.0|101.0|100.0|103.0|-2.5|-0.5|1.8|-13.4|1000000.0|101.0|93.0|115.0|109.0|100.0|124.0|2.2|-1.2|-1.2|0.1|-361.0|103.0|100.0|109.0|95.0|91.0|100.0|-1.1|-0.8|-5.1|2.4|-1000000.0|102.0|53.0|254.0|66.0|35.0|164.0|2.5|1.1|-0.4|-0.8|-11.5|106.0|100.0|110.0|97.0|91.0|100.0|-0.6|0.8|0.7|0.0|1000000.0|113.0|53.0|284.0|130.0|61.0|327.0|1.5|1.1|-0.2|0.2|-105.0|106.0|93.0|120.0|95.0|83.0|108.0|0.7|0.3|-0.9|6.6|-1000000.0|82.0|22.0|284.0|46.0|12.0|157.0|4.2|2.1|0.0||
AAOI|70|NASDAQ|2019|12|16|15|30|471000|11.28|10.99|11.07|11.0|-0.2|-1.2|-361.0|100.0|98.0|101.0|99.0|97.0|100.0|1.0|1.3|29.0|17.0|1000000.0|72.0|46.0|100.0|155.0|100.0|216.0|3.3|1.8|-0.9|-0.3|-215.5|103.0|98.0|108.0|97.0|92.0|101.0|-2.2|-0.1|-3.6|38.7|-1000000.0|93.0|46.0|220.0|70.0|35.0|165.0|2.5|1.4|-0.2|-0.7|-20.2|105.0|98.0|109.0|100.0|93.0|103.0|0.0|1.0|0.8|2.3|1000000.0|98.0|46.0|246.0|113.0|54.0|285.0|1.5|1.1|-0.1|0.4|-18.6|105.0|91.0|118.0|99.0|86.0|112.0|0.9|0.4|-1.2|12.8|-1000000.0|72.0|19.0|246.0|30.0|8.0|103.0|4.1|2.1|0.0||
AAOI|71|NASDAQ|2019|12|13|15|30|551100|11.434000000000001|10.87|10.935|11.3|-1.5|3.2|-745.3|101.0|97.0|106.0|95.0|91.0|100.0|2.2|-1.1|-15.3|5.9|-1000000.0|93.0|54.0|258.0|36.0|21.0|100.0|1.6|0.4|-0.6|-2.0|61.7|103.0|97.0|106.0|98.0|93.0|102.0|-1.4|0.6|-6.9|-20.4|1000000.0|115.0|54.0|258.0|60.0|28.0|134.0|2.3|1.5|-0.0|-0.2|19.6|104.0|97.0|107.0|103.0|96.0|107.0|0.4|1.0|-0.5|-0.4|1000000.0|114.0|54.0|288.0|103.0|49.0|260.0|1.4|1.1|-0.1|-0.0|-9.1|104.0|90.0|117.0|99.0|86.0|112.0|1.1|0.4|-1.2|3.3|-1000000.0|85.0|22.0|288.0|34.0|9.0|117.0|4.1|2.1|0.0||
AAOI|72|NASDAQ|2019|12|12|15|30|583800|11.42|10.831|11.28|10.92|-2.1|-2.8|41.1|105.0|100.0|110.0|96.0|91.0|100.0|-4.0|0.3|-10.0|74.2|1000000.0|108.0|57.0|273.0|65.0|35.0|164.0|0.4|1.0|-1.1|-2.8|24.1|107.0|100.0|110.0|98.0|92.0|101.0|0.5|1.4|-1.0|-13.3|1000000.0|122.0|57.0|273.0|114.0|54.0|254.0|2.3|1.5|-0.2|-0.6|26.1|107.0|100.0|111.0|104.0|97.0|107.0|0.5|1.0|3.0|-7.5|1000000.0|116.0|57.0|305.0|187.0|92.0|491.0|0.3|0.9|-0.2|-0.2|-72.7|107.0|93.0|121.0|97.0|84.0|109.0|1.2|0.5|-0.7|13.3|-1000000.0|91.0|24.0|305.0|59.0|15.0|198.0|4.1|2.1|0.0||
AAOI|73|NASDAQ|2019|12|11|15|30|1017200|10.97|10.28|10.96|10.28|-1.3|-6.2|51.6|105.0|100.0|107.0|99.0|95.0|101.0|3.7|1.9|-16.3|-79.0|1000000.0|210.0|100.0|475.0|73.0|35.0|165.0|3.4|1.8|-0.8|-1.8|-6.9|105.0|100.0|107.0|99.0|94.0|101.0|5.7|2.3|-6.3|-21.7|1000000.0|213.0|100.0|475.0|119.0|56.0|266.0|2.5|1.5|0.2|-0.3|92.6|104.0|97.0|107.0|108.0|100.0|111.0|1.0|1.1|-1.5|-7.4|-1000000.0|200.0|100.0|532.0|139.0|69.0|369.0|0.0|0.9|-0.1|0.3|-51.0|104.0|90.0|117.0|98.0|84.0|110.0|1.5|0.6|-1.2|4.6|-1000000.0|159.0|42.0|532.0|63.0|17.0|212.0|4.1|2.1|0.0||
AAOI|74|NASDAQ|2019|12|10|15|30|214000|10.39|10.16|10.28|10.3|0.4|0.4|93.3|99.0|98.0|100.0|101.0|100.0|102.0|0.1|0.8|8.5|64.0|-1000000.0|71.0|60.0|100.0|95.0|81.0|134.0|-0.8|-0.9|0.6|0.6|87.2|99.0|96.0|100.0|103.0|100.0|104.0|3.8|1.9|21.3|11.3|1000000.0|53.0|38.0|100.0|131.0|94.0|249.0|-1.9|-0.0|0.7|0.3|156.6|97.0|88.0|101.0|110.0|100.0|114.0|2.6|1.6|27.9|37.4|1000000.0|41.0|15.0|112.0|267.0|100.0|737.0|3.2|1.6|-0.0|0.4|-16.3|98.0|85.0|110.0|98.0|84.0|109.0|1.7|0.7|2.7|33.7|-1000000.0|34.0|9.0|112.0|80.0|21.0|264.0|4.4|2.2|0.0||
AAOI|75|NASDAQ|2019|12|9|15|30|351000|10.45|10.19|10.32|10.36|0.2|0.5|-73.2|99.0|99.0|100.0|100.0|99.0|101.0|1.1|0.5|13.8|0.8|1000000.0|91.0|64.0|122.0|142.0|100.0|190.0|2.8|1.5|0.5|0.2|107.4|99.0|96.0|100.0|102.0|100.0|104.0|-1.1|1.0|-6.5|18.4|-1000000.0|87.0|62.0|184.0|47.0|34.0|100.0|-1.6|-0.2|0.9|-0.0|217.3|97.0|85.0|101.0|114.0|100.0|119.0|2.9|1.8|22.4|-0.8|1000000.0|57.0|18.0|184.0|313.0|100.0|1004.0|4.5|2.0|||||||||||||||||||||||0.0||
AAOI|76|NASDAQ|2019|12|6|15|30|353900|10.78|10.355|10.37|10.58|-0.0|0.9|-41.6|100.0|99.0|100.0|100.0|99.0|100.0|1.9|1.3|15.2|-19.0|1000000.0|81.0|62.0|123.0|130.0|100.0|198.0|-4.7|-0.2|0.4|-0.1|113.9|99.0|97.0|100.0|101.0|100.0|103.0|-2.6|0.2|-0.6|20.2|-1000000.0|88.0|62.0|185.0|84.0|60.0|177.0|-1.7|-0.1|0.2|-0.1|77.1|97.0|85.0|102.0|102.0|90.0|107.0|2.6|1.6|8.9|-2.3|1000000.0|55.0|18.0|185.0|153.0|51.0|516.0|3.6|1.8|||||||||||||||||||||||0.0||
AAOI|77|NASDAQ|2019|12|5|15|30|286800|10.605|10.37|10.46|10.48|0.6|-0.7|372.6|100.0|98.0|101.0|102.0|100.0|103.0|2.4|1.6|21.5|89.9|-1000000.0|59.0|50.0|100.0|110.0|94.0|186.0|3.8|-1.9|0.1|0.8|-57.1|99.0|98.0|101.0|100.0|99.0|102.0|-2.1|-0.2|32.2|28.6|1000000.0|59.0|31.0|150.0|192.0|100.0|488.0|1.0|0.9|0.1|-0.3|46.8|98.0|86.0|103.0|100.0|88.0|105.0|2.6|1.6|37.7|7.6|1000000.0|38.0|12.0|150.0|327.0|100.0|1281.0|3.4|1.9|||||||||||||||||||||||0.0||
AAOI|78|NASDAQ|2019|12|4|15|30|544500|10.73|10.32|10.39|10.42|0.7|-0.4|-10.7|99.0|97.0|100.0|102.0|100.0|103.0|-5.8|-0.0|-16.2|4.4|-1000000.0|119.0|96.0|285.0|42.0|34.0|100.0|3.9|-2.0|-0.1|1.0|-146.2|99.0|97.0|101.0|98.0|96.0|100.0|-2.3|-0.2|-5.7|-21.6|1000000.0|111.0|58.0|285.0|66.0|35.0|171.0|1.3|0.9|0.6|-0.1|166.3|96.0|86.0|102.0|109.0|96.0|115.0|0.9|1.2|14.6|-2.3|1000000.0|65.0|22.0|285.0|253.0|87.0|1115.0|1.3|1.5|||||||||||||||||||||||0.0||
AAOI|79|NASDAQ|2019|12|3|15|30|568500|10.55|10.16|10.35|10.47|0.8|3.5|-21.4|98.0|97.0|100.0|101.0|100.0|103.0|3.9|-2.0|-10.1|-6.2|1000000.0|139.0|100.0|297.0|83.0|60.0|177.0|-2.6|-0.5|-0.2|1.1|-156.6|99.0|97.0|101.0|97.0|96.0|100.0|-2.3|-0.2|-7.2|-13.4|-1000000.0|125.0|61.0|297.0|62.0|30.0|147.0|1.6|1.3|0.5|-0.1|92.5|96.0|85.0|101.0|105.0|93.0|111.0|0.3|1.0|12.1|1.1|1000000.0|62.0|23.0|297.0|213.0|79.0|1017.0|0.0|1.1|||||||||||||||||||||||0.0||
AAOI|80|NASDAQ|2019|12|2|15|30|533000|10.81|10.29|10.71|10.81|-0.4|-0.1|-138.8|100.0|100.0|102.0|99.0|99.0|100.0|3.4|-1.8|18.8|-64.1|1000000.0|107.0|57.0|279.0|187.0|100.0|488.0|0.6|1.0|-0.7|-0.5|-123.1|102.0|100.0|105.0|97.0|95.0|100.0|-2.5|-0.2|-1.3|25.1|-1000000.0|121.0|57.0|279.0|110.0|52.0|253.0|2.7|1.5|-0.1|-0.2|-32.0|99.0|88.0|105.0|98.0|87.0|104.0|0.4|1.0|5.6|0.3|1000000.0|57.0|22.0|279.0|120.0|46.0|592.0|-0.1|1.0|||||||||||||||||||||||0.0||
AAOI|81|NASDAQ|2019|11|29|15|30|191200|10.82|10.51|10.7|10.68|-1.0|-0.2|-274.3|101.0|100.0|104.0|97.0|96.0|100.0|1.2|-1.3|17.6|77.5|-1000000.0|43.0|20.0|100.0|73.0|35.0|171.0|3.3|1.7|-0.6|-1.3|-3.4|103.0|100.0|105.0|99.0|96.0|101.0|-2.2|0.5|17.9|23.5|1000000.0|45.0|20.0|100.0|101.0|46.0|225.0|3.9|1.8|-0.5|0.2|-161.1|99.0|88.0|112.0|89.0|79.0|100.0|0.3|0.5|15.6|17.7|-1000000.0|20.0|8.0|100.0|83.0|32.0|413.0|-0.1|1.0|||||||||||||||||||||||0.0||
AAOI|82|NASDAQ|2019|11|27|15|30|339300|10.82|10.45|10.68|10.65|-1.0|-1.2|-51.4|102.0|100.0|104.0|98.0|96.0|100.0|-3.9|0.3|-4.2|175.3|-1000000.0|72.0|36.0|120.0|60.0|30.0|100.0|3.9|2.0|-0.6|-1.4|3.4|103.0|100.0|105.0|99.0|96.0|100.0|0.1|1.3|12.0|-5.6|1000000.0|69.0|36.0|120.0|128.0|67.0|222.0|2.0|1.5|-0.6|0.2|-249.5|100.0|88.0|114.0|87.0|77.0|100.0|0.1|0.2|2.7|19.7|-1000000.0|35.0|14.0|120.0|54.0|21.0|186.0|-0.0|1.1|||||||||||||||||||||||0.0||
AAOI|83|NASDAQ|2019|11|26|15|30|934000|10.85|10.21|10.55|10.21|-0.8|-2.5|-41.0|102.0|100.0|103.0|99.0|97.0|100.0|2.9|1.7|-12.1|-65.1|1000000.0|184.0|100.0|331.0|95.0|52.0|171.0|2.2|1.5|-0.0|-1.1|115.6|102.0|100.0|103.0|102.0|100.0|103.0|-0.9|1.1|-5.9|-16.1|1000000.0|180.0|100.0|331.0|105.0|58.0|194.0|1.7|1.2|-0.6|0.8|-298.0|99.0|87.0|113.0|88.0|77.0|100.0|-0.2|0.1|-1.5|-2.7|-1000000.0|95.0|38.0|331.0|66.0|26.0|230.0|0.1|1.1|||||||||||||||||||||||0.0||
AAOI|84|NASDAQ|2019|11|25|15|30|326000|10.42|10.02|10.29|10.245|-0.0|-0.5|81.6|100.0|100.0|101.0|100.0|100.0|101.0|-1.7|-0.7|8.0|-13.6|-1000000.0|86.0|67.0|116.0|113.0|89.0|153.0|-3.5|0.1|0.8|-0.0|200.5|99.0|95.0|101.0|105.0|100.0|107.0|2.6|1.8|7.5|10.7|1000000.0|72.0|52.0|116.0|109.0|80.0|176.0|-0.8|-0.2|-0.2|1.5|-311.9|97.0|85.0|110.0|93.0|81.0|105.0|-0.5|0.2|2.4|36.9|-1000000.0|34.0|13.0|116.0|50.0|20.0|171.0|0.1|1.1|||||||||||||||||||||||0.0||
AAOI|85|NASDAQ|2019|11|22|15|30|281800|10.29|10.02|10.24|10.22|0.0|-0.4|-30.8|100.0|100.0|100.0|100.0|100.0|100.0|1.2|-0.4|30.4|71.5|1000000.0|62.0|45.0|100.0|137.0|100.0|222.0|0.8|-0.1|0.9|0.0|222.1|98.0|94.0|100.0|104.0|100.0|107.0|-1.5|0.8|33.3|40.5|1000000.0|52.0|30.0|100.0|173.0|100.0|333.0|2.5|1.2|-0.0|2.1|-87.0|97.0|84.0|109.0|96.0|84.0|109.0|-0.5|0.2|1.5|64.6|-1000000.0|29.0|12.0|100.0|38.0|15.0|129.0|0.1|1.1|||||||||||||||||||||||0.0||
AAOI|86|NASDAQ|2019|11|21|15|30|483200|10.31|9.85|10.2|10.27|0.8|0.8|297.2|99.0|97.0|100.0|102.0|100.0|103.0|3.2|1.7|3.2|-10.9|-1000000.0|93.0|77.0|112.0|105.0|87.0|127.0|-0.9|0.4|1.6|1.1|281.1|96.0|90.0|100.0|107.0|100.0|111.0|-0.7|0.7|6.6|4.3|1000000.0|80.0|51.0|112.0|117.0|75.0|164.0|1.7|1.3|-0.1|0.7|-92.6|96.0|84.0|109.0|94.0|82.0|106.0|-0.6|0.2|-0.2|11.6|-1000000.0|50.0|20.0|133.0|48.0|19.0|128.0|0.1|1.2|||||||||||||||||||||||0.0||
AAOI|87|NASDAQ|2019|11|20|15|30|430500|10.52|10.05|10.28|10.14|1.4|-0.3|342.6|98.0|95.0|100.0|104.0|100.0|106.0|-0.5|1.0|3.8|45.1|-1000000.0|82.0|69.0|100.0|95.0|80.0|115.0|-0.2|0.2|1.9|1.9|287.9|95.0|88.0|100.0|108.0|100.0|114.0|-0.9|0.5|32.5|5.1|1000000.0|59.0|31.0|100.0|191.0|100.0|327.0|2.3|1.6|-0.2|0.4|-243.3|97.0|85.0|110.0|93.0|81.0|105.0|-0.7|0.3|-0.2|52.1|-1000000.0|44.0|18.0|118.0|42.0|17.0|113.0|0.1|1.2|||||||||||||||||||||||0.0||
AAOI|88|NASDAQ|2019|11|19|15|30|624500|10.55|10.02|10.25|10.55|1.6|2.8|38.0|96.0|94.0|100.0|102.0|100.0|106.0|-2.0|-0.7|12.6|-12.6|1000000.0|96.0|66.0|126.0|144.0|100.0|189.0|2.6|1.6|2.6|2.1|454.2|92.0|84.0|100.0|109.0|100.0|119.0|-0.6|0.4|29.6|16.8|1000000.0|66.0|33.0|126.0|202.0|100.0|387.0|0.6|1.3|-0.1|1.6|-149.8|97.0|84.0|110.0|96.0|83.0|108.0|-0.7|0.3|-1.1|26.8|-1000000.0|64.0|25.0|172.0|50.0|20.0|134.0|0.1|1.2|||||||||||||||||||||||0.0||
AAOI|89|NASDAQ|2019|11|18|15|30|545700|10.895|10.46|10.54|10.82|1.9|3.1|479.6|97.0|93.0|100.0|104.0|100.0|108.0|1.6|0.5|7.3|-9.0|-1000000.0|81.0|58.0|110.0|105.0|75.0|142.0|-0.2|1.0|0.5|2.5|-173.9|94.0|87.0|100.0|97.0|90.0|103.0|-0.1|0.8|11.5|9.8|1000000.0|55.0|28.0|110.0|99.0|51.0|199.0|0.5|1.0|-0.1|0.8|-35.3|100.0|87.0|113.0|98.0|85.0|110.0|-0.7|0.3|3.8|28.5|-1000000.0|55.0|22.0|150.0|97.0|39.0|264.0|0.1|1.1|||||||||||||||||||||||0.0||
AAOI|90|NASDAQ|2019|11|15|15|30|496500|11.11|10.8|10.865|10.99|1.8|0.3|362.9|97.0|93.0|100.0|104.0|100.0|107.0|-2.7|0.6|45.9|89.2|1000000.0|56.0|35.0|100.0|159.0|100.0|284.0|0.4|0.8|-0.2|2.4|-377.0|97.0|89.0|102.0|95.0|88.0|100.0|-0.0|1.0|56.2|61.2|1000000.0|39.0|20.0|100.0|193.0|100.0|493.0|-0.4|0.8|-0.0|-0.3|135.0|103.0|89.0|116.0|103.0|89.0|116.0|-0.8|0.2|-0.8|14.2|-1000000.0|50.0|20.0|136.0|43.0|17.0|115.0|0.1|1.1|||||||||||||||||||||||0.0||
AAOI|91|NASDAQ|2019|11|14|15|30|939400|11.4|10.85|10.9|11.27|2.9|4.0|571.3|95.0|90.0|100.0|106.0|100.0|111.0|-0.2|0.1|26.1|-24.9|1000000.0|76.0|49.0|133.0|154.0|100.0|272.0|-1.4|0.6|1.1|3.8|-178.2|96.0|90.0|102.0|103.0|96.0|110.0|-1.3|0.3|18.1|34.8|1000000.0|62.0|38.0|133.0|142.0|87.0|302.0|-1.8|0.2|-0.0|-1.4|155.0|103.0|90.0|116.0|103.0|89.0|116.0|-0.8|0.2|-3.2|-1.8|-1000000.0|96.0|38.0|284.0|34.0|13.0|100.0|0.0|1.1|||||||||||||||||||||||0.0||
AAOI|92|NASDAQ|2019|11|13|15|30|705400|11.655|11.26|11.34|11.53|-1.0|2.8|-1543.0|99.0|93.0|104.0|95.0|90.0|100.0|-0.2|0.1|10.0|99.7|-1000000.0|56.0|37.0|100.0|79.0|51.0|140.0|-1.1|0.5|-0.0|-1.4|163.2|100.0|93.0|106.0|99.0|93.0|106.0|-0.6|-0.0|25.1|13.3|1000000.0|43.0|29.0|100.0|118.0|79.0|276.0|-1.2|-0.4|-0.3|-1.9|134.2|107.0|93.0|121.0|101.0|88.0|114.0|-0.7|0.3|-2.5|-2.8|-1000000.0|75.0|29.0|213.0|37.0|14.0|106.0|-0.0|1.1|||||||||||||||||||||||0.0||
AAOI|93|NASDAQ|2019|11|12|15|30|1408700|12.58|11.26|11.66|12.2|-2.1|4.2|-206.7|103.0|96.0|109.0|94.0|88.0|100.0|-3.3|0.4|18.5|36.3|1000000.0|83.0|57.0|143.0|145.0|100.0|248.0|-1.4|0.2|-1.3|-2.8|-32.1|103.0|96.0|110.0|94.0|87.0|100.0|-1.5|0.2|-2.8|24.6|-1000000.0|82.0|57.0|143.0|66.0|46.0|115.0|-1.5|-0.1|-0.4|-2.2|109.3|111.0|96.0|125.0|103.0|89.0|116.0|-0.5|0.3|-3.3|-6.0|1000000.0|151.0|57.0|426.0|52.0|20.0|147.0|-0.0|1.1|||||||||||||||||||||||0.0||
AAOI|94|NASDAQ|2019|11|11|15|30|1920400|12.58|10.67|12.15|10.76|-0.9|-10.5|1090.4|107.0|100.0|114.0|103.0|96.0|110.0|-3.8|0.3|2.8|-48.6|-1000000.0|103.0|78.0|195.0|114.0|87.0|216.0|2.0|-1.3|-3.0|-1.2|-835.3|111.0|100.0|127.0|87.0|79.0|100.0|0.4|-0.4|-8.4|3.7|-1000000.0|118.0|78.0|243.0|49.0|32.0|100.0|-2.0|-0.2|-0.5|-2.1|90.3|116.0|100.0|130.0|104.0|90.0|117.0|-0.1|0.4|-3.6|-8.3|1000000.0|216.0|78.0|581.0|60.0|22.0|161.0|0.4|1.3|||||||||||||||||||||||0.0||
AAOI|95|NASDAQ|2019|11|8|15|30|986800|11.2|10.52|10.88|10.62|1.0|-1.7|-445.0|98.0|93.0|102.0|102.0|97.0|106.0|-2.3|0.4|24.3|148.3|-1000000.0|53.0|40.0|100.0|104.0|79.0|197.0|2.2|-1.3|-2.0|1.4|-744.0|103.0|93.0|116.0|88.0|80.0|100.0|-0.9|-0.4|-6.7|32.4|-1000000.0|69.0|40.0|188.0|37.0|21.0|100.0|-1.9|0.3|-0.1|-0.7|71.6|104.0|93.0|116.0|101.0|90.0|113.0|-0.5|-0.0|-2.9|-7.0|-1000000.0|121.0|40.0|299.0|51.0|17.0|127.0|1.9|1.7|||||||||||||||||||||||0.0||
AAOI|96|NASDAQ|2019|11|7|15|30|2450000|11.35|9.72|10.69|10.45|-0.2|9.5|-827.1|96.0|91.0|101.0|96.0|91.0|100.0|-3.5|0.4|-13.5|-13.0|-1000000.0|128.0|100.0|217.0|59.0|46.0|100.0|1.9|-1.2|-1.8|-0.3|-438.1|103.0|91.0|114.0|90.0|80.0|100.0|-1.8|0.2|-10.5|-17.9|-1000000.0|178.0|100.0|467.0|47.0|26.0|123.0|-2.1|0.3|-0.1|-0.8|60.7|103.0|91.0|114.0|100.0|89.0|111.0|-0.3|0.1|-4.5|-9.0|-1000000.0|315.0|100.0|1071.0|29.0|9.0|100.0|2.0|1.8|||||||||||||||||||||||0.0||
AAOI|97|NASDAQ|2019|11|6|15|30|2131800|12.13|11.37|11.71|11.45|-4.6|-3.2|-1091.8|108.0|100.0|122.0|89.0|82.0|100.0|-0.5|-0.8|-15.7|-8.8|-1000000.0|142.0|100.0|270.0|53.0|37.0|100.0|-4.3|-0.2|-2.3|-6.1|86.1|114.0|100.0|125.0|96.0|84.0|105.0|-1.5|0.7|-11.1|-21.0|-1000000.0|195.0|100.0|443.0|44.0|23.0|100.0|-1.1|0.9|-0.7|-1.8|2.3|113.0|100.0|125.0|98.0|87.0|109.0|-0.3|0.2|-4.2|-9.0|-1000000.0|318.0|100.0|932.0|48.0|15.0|142.0|3.9|2.1|||||||||||||||||||||||0.0||
AAOI|98|NASDAQ|2019|11|5|15|30|1944900|11.74|11.27|11.33|11.52|-4.3|-6.4|-201.0|111.0|100.0|121.0|92.0|83.0|100.0|-2.9|0.5|-18.3|-41.8|-1000000.0|177.0|100.0|370.0|48.0|27.0|100.0|1.0|1.1|-1.5|-5.8|249.6|113.0|100.0|121.0|101.0|90.0|109.0|0.3|1.0|-11.6|-24.3|-1000000.0|231.0|100.0|535.0|43.0|19.0|100.0|2.8|1.7|-0.4|-1.2|10.3|110.0|100.0|121.0|101.0|92.0|111.0|-0.6|-0.1|-4.5|-8.3|-1000000.0|338.0|100.0|979.0|35.0|10.0|100.0|7.3|2.5|||||||||||||||||||||||0.0||
AAOI|99|NASDAQ|2019|11|4|15|30|1131600|10.76|9.711|10.6|9.72|-2.9|-9.7|0.0|109.0|100.0|113.0|96.0|88.0|100.0|3.4|1.8|-10.7|-30.3|1000000.0|146.0|100.0|216.0|84.0|57.0|123.0|1.0|1.1|-0.9|-3.9|171.6|108.0|100.0|113.0|101.0|93.0|106.0|-0.1|0.7|-8.4|-14.3|-1000000.0|180.0|100.0|311.0|74.0|41.0|128.0|1.7|1.4|-0.2|-0.3|-92.1|104.0|97.0|113.0|98.0|92.0|108.0|-0.8|-0.3|-3.7|-1.7|-1000000.0|230.0|100.0|570.0|61.0|27.0|151.0|2.2|1.5|||||||||||||||||||||||0.0||
AAOI|100|NASDAQ|2019|11|1|14|30|789200|9.83|9.035|9.57|9.07|0.7|-2.2|449.3|100.0|97.0|102.0|103.0|100.0|105.0|-0.2|1.1|-9.8|-33.5|-1000000.0|129.0|100.0|164.0|79.0|61.0|100.0|-1.2|0.7|0.4|0.9|0.0|98.0|94.0|102.0|101.0|97.0|105.0|-1.2|-0.0|-6.9|-13.0|-1000000.0|150.0|100.0|217.0|78.0|52.0|113.0|0.5|1.0|0.5|1.5|-45.8|94.0|87.0|102.0|102.0|96.0|112.0|-0.7|-0.3|-3.8|-5.2|-1000000.0|177.0|82.0|402.0|44.0|20.0|100.0|1.9|1.2|||||||||||||||||||||||0.0||
AAOI|101|NASDAQ|2019|10|31|14|30|525000|9.44|9.16|9.36|9.35|2.1|0.0|314.9|97.0|92.0|100.0|105.0|100.0|109.0|-2.9|0.5|-7.7|23.4|-1000000.0|104.0|81.0|144.0|72.0|56.0|100.0|0.8|0.1|1.2|2.8|-6.8|95.0|92.0|100.0|103.0|100.0|108.0|-1.2|-0.6|-1.0|-10.2|1000000.0|109.0|81.0|144.0|101.0|75.0|134.0|1.4|0.8|0.6|1.8|-19.5|91.0|85.0|100.0|102.0|96.0|112.0|-0.2|-0.5|-2.9|-4.1|-1000000.0|126.0|55.0|268.0|54.0|23.0|114.0|3.7|1.4|||||||||||||||||||||||1.0||
AAOI|102|NASDAQ|2019|10|30|14|30|647600|9.913|9.305|9.36|9.81|1.5|5.1|-254.0|95.0|92.0|100.0|101.0|98.0|106.0|1.8|-1.0|-7.0|-25.7|1000000.0|132.0|100.0|178.0|95.0|72.0|128.0|1.8|0.8|1.4|2.0|128.8|94.0|91.0|100.0|104.0|100.0|110.0|1.3|-1.0|6.9|-9.4|1000000.0|119.0|67.0|178.0|176.0|100.0|264.0|3.2|1.8|0.5|1.5|-74.7|91.0|85.0|100.0|99.0|93.0|109.0|0.1|-0.4|-2.1|-5.1|-1000000.0|158.0|67.0|330.0|92.0|39.0|193.0|4.2|1.6|||||||||||||||||||||||1.0||
AAOI|103|NASDAQ|2019|10|29|14|30|481000|10.13|9.74|9.84|10.13|0.0|3.3|-69.4|99.0|97.0|100.0|99.0|97.0|100.0|3.0|1.7|-3.7|-24.4|-1000000.0|112.0|100.0|132.0|95.0|85.0|113.0|-2.4|-0.5|1.5|0.0|328.0|97.0|91.0|100.0|107.0|100.0|110.0|2.2|1.4|-1.9|-4.9|1000000.0|94.0|50.0|132.0|82.0|44.0|115.0|6.0|2.4|0.2|1.1|-86.5|95.0|90.0|100.0|99.0|94.0|104.0|-0.9|0.2|-0.8|0.1|-1000000.0|121.0|50.0|245.0|102.0|42.0|207.0|6.5|2.0|||||||||||||||||||||||0.0||
AAOI|104|NASDAQ|2019|10|28|14|30|363800|10.4|9.962|10.16|9.98|-0.0|-2.5|295.2|101.0|100.0|103.0|101.0|100.0|103.0|-5.0|-0.1|8.5|28.0|1000000.0|84.0|75.0|100.0|113.0|100.0|134.0|-2.4|-0.4|1.0|-0.1|240.0|99.0|94.0|103.0|105.0|100.0|110.0|-1.2|0.6|-1.3|11.4|-1000000.0|74.0|38.0|110.0|67.0|34.0|100.0|5.6|2.3|0.0|0.9|-38.7|98.0|93.0|103.0|98.0|93.0|104.0|-0.7|0.3|1.9|5.1|1000000.0|91.0|38.0|185.0|127.0|53.0|257.0|6.2|1.9|||||||||||||||||||||||0.0||
AAOI|105|NASDAQ|2019|10|25|15|30|465600|10.1|9.77|9.91|9.81|1.0|-0.7|162.2|99.0|96.0|101.0|103.0|100.0|105.0|-2.9|0.4|26.6|-12.0|1000000.0|80.0|48.0|114.0|165.0|100.0|234.0|3.7|1.9|1.1|1.3|120.2|96.0|91.0|101.0|103.0|98.0|108.0|-2.0|0.0|-3.6|35.4|-1000000.0|95.0|48.0|141.0|71.0|36.0|106.0|5.5|2.3|||||||||||||||||||||||||||||||||||||||||||||0.0||
AAOI|106|NASDAQ|2019|10|24|15|30|409700|10.15|9.84|9.84|10.15|2.5|3.0|556.2|96.0|91.0|100.0|105.0|100.0|110.0|1.2|0.8|0.5|19.1|-1000000.0|72.0|43.0|100.0|74.0|44.0|102.0|3.6|1.9|1.5|3.4|0.0|94.0|91.0|100.0|103.0|100.0|110.0|-1.1|-0.7|2.6|0.7|1000000.0|83.0|43.0|124.0|99.0|50.0|147.0|5.4|2.2|||||||||||||||||||||||||||||||||||||||||||||0.0||
AAOI|107|NASDAQ|2019|10|23|15|30|487800|10.32|9.86|10.14|10.29|1.8|1.6|10.8|96.0|93.0|100.0|103.0|100.0|107.0|-5.1|-0.2|-8.1|96.9|-1000000.0|89.0|51.0|148.0|60.0|34.0|100.0|3.0|1.7|1.2|2.3|39.8|95.0|93.0|100.0|103.0|100.0|108.0|-0.7|-1.0|1.3|-10.8|1000000.0|96.0|51.0|148.0|104.0|55.0|161.0|4.5|2.0|||||||||||||||||||||||||||||||||||||||||||||0.0||
AAOI|108|NASDAQ|2019|10|22|15|30|960700|10.49|9.65|10.3|10.1|0.8|5.2|-217.0|97.0|95.0|100.0|100.0|98.0|103.0|1.1|-1.3|-15.9|-56.4|1000000.0|187.0|100.0|291.0|68.0|36.0|106.0|3.7|1.9|0.4|1.1|-31.9|96.0|94.0|100.0|99.0|96.0|103.0|0.6|-1.1|-8.0|-21.2|1000000.0|192.0|100.0|291.0|84.0|44.0|127.0|4.8|2.1|||||||||||||||||||||||||||||||||||||||||||||0.0||
AAOI|109|NASDAQ|2019|10|21|15|30|418400|11.25|10.73|10.84|10.98|0.0|0.1|202.3|100.0|100.0|102.0|100.0|100.0|102.0|4.0|-2.0|3.9|-21.0|1000000.0|106.0|86.0|127.0|122.0|100.0|147.0|-1.8|0.6|-0.6|0.0|-160.8|101.0|99.0|104.0|97.0|95.0|100.0|-0.5|-0.7|-6.5|5.2|-1000000.0|106.0|79.0|183.0|58.0|43.0|100.0|-0.1|-0.4|||||||||||||||||||||||||||||||||||||||||||||0.0||
AAOI|110|NASDAQ|2019|10|18|15|30|330400|10.88|10.51|10.85|10.62|0.3|-1.8|130.1|100.0|99.0|102.0|101.0|100.0|103.0|1.9|-0.9|15.2|5.8|1000000.0|78.0|62.0|100.0|125.0|100.0|161.0|-4.7|0.2|-0.9|0.3|-292.3|102.0|99.0|107.0|96.0|93.0|100.0|-0.5|-0.6|-0.2|20.3|-1000000.0|87.0|62.0|144.0|85.0|61.0|142.0|-0.6|0.1|||||||||||||||||||||||||||||||||||||||||||||0.0||
AAOI|111|NASDAQ|2019|10|17|15|30|349500|11.2|10.63|10.65|11.0|-0.2|1.8|-438.4|99.0|97.0|101.0|98.0|96.0|100.0|-3.0|0.2|5.0|38.5|-1000000.0|78.0|66.0|100.0|94.0|79.0|120.0|-1.4|-0.3|-0.3|-0.3|-59.8|101.0|97.0|105.0|98.0|95.0|102.0|-0.8|0.1|-6.2|6.7|-1000000.0|96.0|66.0|176.0|55.0|37.0|100.0|-1.3|-0.0|||||||||||||||||||||||||||||||||||||||||||||0.0||
AAOI|112|NASDAQ|2019|10|16|15|30|484200|11.33|10.78|10.84|10.84|-1.0|1.1|-174.2|101.0|99.0|104.0|97.0|95.0|100.0|-3.2|-0.2|-13.2|9.8|-1000000.0|116.0|91.0|212.0|55.0|43.0|100.0|1.7|-1.3|-1.0|-1.4|-110.9|103.0|99.0|108.0|96.0|92.0|100.0|-1.1|0.3|-5.4|-17.6|1000000.0|136.0|91.0|244.0|85.0|57.0|151.0|-1.5|0.2|||||||||||||||||||||||||||||||||||||||||||||0.0||
AAOI|113|NASDAQ|2019|10|15|15|30|531800|11.215|10.56|10.96|10.56|-1.8|-3.6|-244.3|104.0|100.0|108.0|97.0|93.0|100.0|0.7|0.7|-9.7|-21.1|1000000.0|141.0|100.0|233.0|86.0|61.0|142.0|-0.9|0.2|-0.6|-2.4|105.0|105.0|100.0|109.0|100.0|96.0|104.0|1.3|0.8|-9.0|-13.0|-1000000.0|169.0|100.0|271.0|62.0|37.0|100.0|-0.0|0.9|||||||||||||||||||||||||||||||||||||||||||||0.0||
AAOI|114|NASDAQ|2019|10|14|15|30|419400|10.75|10.14|10.56|10.37|-0.4|-1.6|233.7|102.0|100.0|104.0|100.0|98.0|102.0|1.7|-0.6|-13.2|-45.5|-1000000.0|143.0|100.0|211.0|68.0|47.0|100.0|-1.8|0.6|-0.1|-0.5|32.9|102.0|100.0|105.0|101.0|99.0|104.0|-0.6|-0.9|-6.7|-17.5|1000000.0|155.0|100.0|214.0|83.0|53.0|114.0|0.4|1.1|||||||||||||||||||||||||||||||||||||||||||||0.0||
AAOI|115|NASDAQ|2019|10|11|15|30|228700|10.526|10.285|10.395|10.33|-0.8|-2.3|-327.3|101.0|100.0|103.0|98.0|97.0|100.0|-4.7|-0.2|7.9|42.2|1000000.0|87.0|70.0|115.0|114.0|92.0|151.0|-4.0|-0.1|-0.2|-1.0|48.7|101.0|99.0|103.0|99.0|97.0|101.0|-1.6|-0.5|9.4|10.5|1000000.0|86.0|60.0|117.0|143.0|100.0|193.0|-1.1|0.7|||||||||||||||||||||||||||||||||||||||||||||0.0||
AAOI|116|NASDAQ|2019|10|10|15|30|325100|10.43|9.97|10.16|10.43|0.8|2.3|398.0|99.0|97.0|101.0|102.0|100.0|104.0|-4.2|-0.0|-9.9|-38.9|-1000000.0|127.0|100.0|166.0|77.0|60.0|100.0|-5.4|0.1|0.1|1.0|-76.8|99.0|97.0|101.0|100.0|98.0|102.0|-1.6|0.0|3.5|-13.2|1000000.0|112.0|80.0|166.0|140.0|100.0|207.0|-1.9|0.2|||||||||||||||||||||||||||||||||||||||||||||0.0||
AAOI|117|NASDAQ|2019|10|9|15|30|198600|10.52|10.21|10.39|10.24|0.2|-3.0|15.7|100.0|99.0|103.0|101.0|100.0|104.0|3.0|-1.7|3.1|51.4|1000000.0|86.0|66.0|101.0|97.0|74.0|114.0|2.6|1.7|-0.2|0.3|-89.1|101.0|99.0|103.0|99.0|98.0|102.0|-1.1|-0.1|22.1|4.2|1000000.0|63.0|39.0|101.0|160.0|100.0|257.0|-1.1|0.5|||||||||||||||||||||||||||||||||||||||||||||0.0||
AAOI|118|NASDAQ|2019|10|8|15|30|300700|10.36|10.01|10.075|10.36|0.4|3.9|-277.9|98.0|96.0|100.0|99.0|97.0|101.0|-3.5|-0.4|6.5|-34.8|1000000.0|109.0|79.0|153.0|138.0|100.0|193.0|-1.6|0.6|||||||||||||||||||||||||||||||||||||||||||||||||||||||||||||||||||0.0||
AAOI|119|NASDAQ|2019|10|7|15|30|196200|10.73|10.38|10.47|10.45|-0.5|0.1|30.7|101.0|100.0|102.0|99.0|98.0|100.0|-5.7|-0.0|26.7|13.9|1000000.0|65.0|48.0|100.0|135.0|100.0|207.0|-5.4|-0.0|||||||||||||||||||||||||||||||||||||||||||||||||||||||||||||||||||0.0||
AAOI|120|NASDAQ|2019|10|4|15|30|223400|10.53|10.14|10.485|10.14|-0.6|-2.5|-20.5|102.0|100.0|103.0|99.0|98.0|100.0|3.8|1.9|31.5|69.7|1000000.0|59.0|44.0|100.0|134.0|100.0|226.0|1.5|-0.7|||||||||||||||||||||||||||||||||||||||||||||||||||||||||||||||||||0.0||
AAOI|121|NASDAQ|2019|10|3|15|30|379200|10.445|9.79|10.22|10.25|||||||||||||||||||||||||||||||||||||||||||||||||||||||||||||||||||||||||||||||||||||||||||
AAOI|122|NASDAQ|2019|10|2|15|30|405500|10.32|9.8|10.25|10.06|||||||||||||||||||||||||||||||||||||||||||||||||||||||||||||||||||||||||||||||||||||||||||
AAOI|123|NASDAQ|2019|10|1|15|30|505200|11.385|10.165|10.23|11.28|||||||||||||||||||||||||||||||||||||||||||||||||||||||||||||||||||||||||||||||||||||||||||
AAOI|124|NASDAQ|2019|9|30|15|30|514200|11.26|10.84|11.22|11.13|||||||||||||||||||||||||||||||||||||||||||||||||||||||||||||||||||||||||||||||||||||||||||
